Charter,Magnet,Title_I_School,locationRural,locationSize,Students,SeniorHigh,numOfStud2014,meanScale2012,lev1Perc2012,lev5Perc2012,perc_free_lunch,perc_reduced_lunch,logLoginsPerExaminee,meanScale2014,GPS,strataGPS
0,0,0,0,1,1650,0,0.7103192283837082,1.3212036794928488,-1.1898034796485282,0.9070340019466278,-1.100755243076389,-0.3542211293617711,0.524585936606208,407.0,0.17090687409931346,2
0,1,1,0,0,638,0,-1.2141751870715491,0.3390205851285768,-0.8535057137920357,-0.424392055956679,1.161867579406168,-1.020642274075252,1.08518926833597,392.0,0.19905781181198837,2
1,0,1,0,0,401,0,-1.416359425271129,-0.5538731370207614,0.4916853496339342,-0.6906772675373404,-0.886782354283185,-2.2125508256931368,0.810930216216329,386.0,0.14734093384409036,1
0,0,1,0,1,293,0,-1.6335202737077144,-1.5360562313850334,1.6687275301316578,0.1081783672046436,1.8978700893895455,0.4477250924574572,1.6902900090632,383.0,0.13712822636207778,1
0,0,0,1,2,1684,1,0.3284156673400578,1.231914307277915,-0.8535057137920357,1.4396044251079505,-1.9774246013021728,-1.4659683138548978,-3.15344801954575,405.0,0.1366565577543067,1
0,0,1,0,0,2477,0,0.313439057103052,-0.9110306258804968,0.9120575569545498,0.1081783672046436,-0.1235774337229949,0.5560806346476382,-0.322944084420161,386.0,0.18206012790973525,2
0,0,1,1,2,604,0,-1.536172307167176,-0.4645837648058275,0.0713131423133186,-0.6906772675373404,0.5311577692718892,0.1985326939644505,1.37845118365886,414.0,0.12946177846379936,1
0,0,1,0,0,2045,1,1.3992432992859791,-0.8217412536655628,0.6598342325621804,-0.424392055956679,1.0639674456378343,1.78503949308415,-0.508469910073532,396.0,0.2198776286587648,4
0,1,1,0,1,1041,0,0.2460443110365254,-0.1074262759460922,0.1553875837774417,-0.1581068443760176,-0.0755458334131407,-0.3188827352782646,-4.90527477843843,399.0,0.0075199518629663386,0
0,0,1,0,0,1269,0,-0.1508358602441307,-0.4645837648058275,0.323536466705688,-0.424392055956679,0.7478705793774186,0.7158454611958353,0.323885121115742,386.0,0.2187643020422291,3
0,1,1,0,0,826,0,-0.9296195925684372,-0.4645837648058275,0.1553875837774417,-0.424392055956679,1.5012764544192907,-1.5062164459222624,1.91117997045418,392.0,0.14624921229858018,1
0,1,0,0,0,2910,0,1.1970590610863998,-1.0003199980954305,1.080206439882796,-0.6906772675373404,0.1188854527532206,-0.02733774181851,2.77996072645227,391.0,0.15038950999861406,1
0,0,1,0,0,1702,0,0.3658571929325726,-1.8039243480298348,1.836876413059904,-0.6906772675373404,0.7774773312364199,1.485872080546688,-0.435635985741528,385.0,0.20616214287569073,3
0,0,0,0,2,1127,0,-0.6001341673543076,0.7854674462032459,-0.3490590650072969,-0.1581068443760176,-0.6800480501913497,-0.9759287760929776,-3.66995144422842,399.0,0.07653782641472097,0
0,0,0,1,2,2078,0,-0.4578563701027516,-0.732451881450629,0.6598342325621804,-0.6906772675373404,-1.3875418986249777,-1.1340408004576945,2.08581324465253,387.0,0.11395260000752237,0
0,1,1,0,2,2092,0,1.0772461791903525,-0.9110306258804968,1.080206439882796,-0.6906772675373404,0.3372870874187775,-0.3447553436118613,-0.504720066203506,401.0,0.21498120949342375,3
0,0,1,0,0,1030,0,-1.019479253990473,-0.5538731370207614,0.4076109081698111,-0.424392055956679,-0.2633451357500035,0.053601614776055,1.93166489391926,412.0,0.1258808847950997,1
0,1,1,0,0,604,0,-1.259105017782567,1.9462292849973857,-1.2738779211126512,1.1733192135272892,-0.3003786520562085,1.9330745857762104,0.309188277672745,427.0,0.2192542577353324,4
0,0,0,0,1,1567,1,0.6279478720801758,-0.3752943925908937,0.0713131423133186,-0.6906772675373404,0.0867624136869697,-0.2010304320788933,-1.6605672589567,397.0,0.184526899049794,2
0,0,1,0,2,947,0,-0.2931136574956867,2.1248080294272533,-1.3579523625767744,3.037315694591918,0.8045938622543912,0.5848322988957302,-1.65068087096815,398.0,0.21907331443497205,4
0,0,1,0,2,1249,1,0.1412080393774841,0.4283099573435107,-0.8535057137920357,-0.424392055956679,-0.5491610680789917,-0.1245673957207578,-5.54517744447956,398.0,0.008537933120907256,0
0,0,1,1,2,1372,0,-1.4762658662191523,0.8747568184181798,-1.021654596720282,-0.1581068443760176,-0.2950142337311585,-0.4530267284061595,1.2947271675944,401.0,0.15696909616216959,1
0,0,1,1,2,1115,1,-1.0644090847014902,-1.0896093703103642,0.9120575569545498,-0.6906772675373404,-0.8339868633498402,-0.607630652221484,0.266404674004496,388.0,0.2038681099494672,3
0,1,1,0,0,1835,1,0.1412080393774841,-0.6431625092356952,0.9120575569545498,0.1081783672046436,0.3254647086583659,1.6817846015520534,0.653301272012746,412.0,0.22505667341265206,4
0,0,0,0,0,1763,0,0.013906852362934,0.6961780739883121,-0.3490590650072969,0.9070340019466278,-1.2450130986117118,-1.046140083372031,1.16210423723501,410.0,0.15729357017591244,1
0,0,0,0,0,2030,1,1.0997110945458617,0.0711524684837753,-0.1809101820790507,-0.1581068443760176,-0.3264377014197028,0.1552225500525254,-0.814844115537465,391.0,0.21984770991131425,4
0,0,1,0,2,1325,0,0.3658571929325726,1.231914307277915,-0.7694312723279125,1.7058896366886118,0.0782625089169061,0.9029448834716716,-0.424883193965266,393.0,0.21178808737501784,3
0,0,0,0,0,1371,0,-0.3904616240362251,-0.2860050203759599,0.323536466705688,-0.1581068443760176,0.8016390671448062,0.3125952705024905,-2.91777073208428,402.0,0.058109082891861424,0
0,0,1,0,1,1606,0,-0.824783320909396,0.7854674462032459,-1.021654596720282,-0.424392055956679,-0.4827874391094224,0.0703456200015577,0.951870664306781,406.0,0.20667354637674476,3
0,1,1,1,2,684,0,-1.2965465433750816,0.8747568184181798,-1.1898034796485282,-0.6906772675373404,-0.0388745703208881,2.80763618656358,-3.46573590279973,408.0,0.03133384775451977,0
0,1,0,1,2,1533,0,0.8226438051612524,1.231914307277915,-1.105729038184405,1.4396044251079505,0.1699262806378741,0.4469962024804562,0.783993653333517,389.0,0.16378357350128572,2
1,0,0,0,0,98,0,-1.5062190866931642,0.6068887017733783,-0.1809101820790507,2.2384600598499347,-0.9336895000846446,-0.118950420161807,-3.58351893845611,405.0,0.07337160647963746,0
0,0,1,1,2,519,0,-1.5811021378781935,0.4283099573435107,-1.5261012455050205,-0.6906772675373404,0.3018060272682247,2.652144969032705,-0.424883193965266,386.0,0.22245963776038552,4
0,1,1,0,1,2053,0,0.7852022795687377,0.5175993295584445,-0.6853568308637894,-0.424392055956679,1.2612545204188017,-0.0973078731591271,0.835955583783269,388.0,0.2193270438595131,4
0,0,0,0,0,2320,0,-0.397949929154728,-0.732451881450629,0.9120575569545498,-0.1581068443760176,-1.012416029710323,-0.6935040709786051,0.999672340813206,389.0,0.2228768595440198,4
0,0,1,1,2,414,0,-1.3714295945601112,2.660544262716856,-1.3579523625767744,6.499023445140517,0.1109023901301211,0.705750031591166,0.354821375289409,417.0,0.1447795024090315,1
0,1,0,0,0,1487,0,0.2685092263920343,-1.268188114740232,1.1642808813469192,-0.6906772675373404,0.4759750377673667,-0.2117369133056663,3.22428242823344,383.0,0.0649479409408853,0
0,1,0,0,2,3055,0,2.3053282186248363,1.4997824239227164,-0.8535057137920357,2.504745271430596,-1.2199652161559942,-0.7856814353388385,-0.314333789378806,418.0,0.22485783823691566,4
0,1,1,0,2,979,0,-0.3904616240362251,0.7854674462032459,-1.021654596720282,0.374463578785305,0.7160319915609487,0.3516228475286594,1.68339143250627,399.0,0.12702782471158475,1
0,1,1,0,0,947,1,-0.547716031524787,-1.6253456035999672,1.752801971595781,-0.6906772675373404,2.350527848460726,-1.6623335759897382,0.0986306034416274,394.0,0.22533740169963323,4
0,1,1,0,0,1888,0,-0.255672131903172,-1.178898742525298,1.3324297642751657,-0.424392055956679,1.4487190773178082,0.091616744462548,-5.31320597904179,387.0,0.0003158828192021366,0
0,1,1,0,0,1585,0,-0.0160463681110777,-0.6431625092356952,0.7439086740263036,-0.6906772675373404,0.8236773136349257,-0.7637071563886064,0.566280459681155,401.0,0.22459206894256206,4
0,0,0,0,0,1908,0,1.2120356713234055,0.8747568184181798,-0.7694312723279125,0.9070340019466278,-1.0783931921239307,0.5110320520935344,-5.29581423632992,401.0,0.0065502647735521035,0
0,0,1,0,2,799,0,-0.7648768799613724,0.6068887017733783,-0.8535057137920357,-0.1581068443760176,-0.0986779820197916,0.0830005897030529,0.0575698518214779,388.0,0.19840236721271365,2
0,0,1,0,0,1957,0,0.0513483779554488,-1.0896093703103642,0.8279831154904267,-0.424392055956679,-0.0987121526317114,1.189529346160617,0.286656957036536,385.0,0.2208225676824868,4
0,0,1,1,2,696,0,-1.124315525649514,0.3390205851285768,-0.43313350647142,-0.6906772675373404,0.2197129100730707,0.176726312422277,-0.854990206010359,402.0,0.22521294628754843,4
0,0,1,1,2,549,0,-1.259105017782567,0.4283099573435107,-0.6012823893996663,-0.6906772675373404,0.8643137404260156,2.372930239693614,2.51348002223206,402.0,0.04573391339001602,0
0,0,0,0,0,308,0,-1.6410085788262172,2.4819655182869886,-1.5261012455050205,5.966453021979194,-1.5383776125745343,0.09364359417551,1.15267950993839,406.0,0.12100703443641607,1
0,1,1,0,1,1571,0,0.021395157481437,0.6068887017733783,-0.6853568308637894,-0.1581068443760176,0.1212287941463708,1.7521746188210656,1.72499625306837,399.0,0.18008203520923105,2
0,0,1,1,2,235,0,-1.685938409537235,0.3390205851285768,-1.5261012455050205,-0.6906772675373404,1.391227672146695,0.607487850105704,-2.484906649788,397.0,0.12220237066968245,1
0,0,1,0,0,2021,0,0.7552490590947258,-0.5538731370207614,0.4916853496339342,-0.6906772675373404,0.68745548650048,0.118258635914716,0.314681158603215,391.0,0.22194742754985555,4
0,0,1,1,2,1199,0,-0.1583241653626337,-0.0181369037311584,-0.2649846235431738,-0.424392055956679,0.1922454039131038,1.0376390339852628,-0.484929279462411,402.0,0.22402912409096054,4
0,0,1,1,2,545,0,-1.6559851890632231,-0.8217412536655628,0.5757597910980573,-0.6906772675373404,0.1628340434710445,1.2069340839345906,0.523248143764548,405.0,0.19981345970792494,2
0,0,1,0,0,1809,0,0.3658571929325726,-2.1610818368895703,2.7616952691652585,-0.424392055956679,0.736873129659261,-0.014239935488202,0.027587956518829,381.0,0.22517612916171062,4
0,0,1,0,0,3099,0,2.2603983879138183,0.6961780739883121,-0.6853568308637894,0.6407487903659664,-0.6454263322869579,1.704940208810839,0.259935171324813,401.0,0.22527902268109481,4
0,0,1,0,2,1925,0,0.7402724488577199,0.7854674462032459,-0.9375801552561588,-0.1581068443760176,-0.2185714601662814,0.8759895669368416,-1.2738163776932,396.0,0.20685798907976763,3
1,0,1,0,0,835,0,-1.6035670532337023,-1.178898742525298,1.080206439882796,-0.6906772675373404,1.644732190454708,-0.928335296303518,1.6519975268529,384.0,0.15620908945893824,1
0,0,1,1,2,575,0,-1.0494324744644845,1.1426249350629811,-1.2738779211126512,-0.424392055956679,-0.3893322799585061,0.3894265706448196,-3.47609868983527,392.0,0.0983966393370072,0
0,0,0,0,2,1649,1,0.2460443110365254,1.0533355628480474,-1.3579523625767744,-0.424392055956679,-1.0254396150761167,-0.7500284675730651,-0.738609554636703,400.0,0.22360105869412575,4
0,1,0,0,2,1585,0,0.0438600728369458,0.1604418406987092,-0.2649846235431738,-0.1581068443760176,0.2000389505286645,0.413674709764684,0.595983432106298,405.0,0.2182829957491925,3
1,0,0,0,0,1644,0,-0.5552043366432899,1.3212036794928488,-1.3579523625767744,0.374463578785305,-1.3007449043336698,-1.0833823903124802,1.34400144892964,403.0,0.15099535166950104,1
1,0,1,0,0,445,0,-1.109338915412508,1.856939912782452,-1.3579523625767744,1.1733192135272892,1.2563418154121988,3.796123619151243,-0.799756915618204,409.0,0.22338042021879645,4
0,0,0,0,0,1312,0,0.583018041369158,0.6961780739883121,-0.6853568308637894,-0.6906772675373404,-0.996687919241242,-1.060067825094073,0.414943852062708,406.0,0.15610463830699728,1
0,0,0,0,1,1929,0,0.7402724488577199,-0.8217412536655628,0.9120575569545498,-0.424392055956679,0.1480546696736586,-0.5396198616991511,1.8330575408818,390.0,0.11801495228427582,1
0,0,1,0,2,866,0,-0.3080902677326926,-0.5538731370207614,0.323536466705688,-0.424392055956679,0.9876427036278236,-1.1721009068905457,0.599621122549122,402.0,0.154815410475396,1
0,0,1,0,0,966,0,-0.967061118160952,-0.3752943925908937,0.4076109081698111,-0.1581068443760176,0.5257365371518707,-0.4917602134199995,0.266628663253949,395.0,0.21820574521589983,3
0,0,1,0,0,1605,0,-0.4878095905767634,-0.6431625092356952,0.6598342325621804,-0.424392055956679,1.0331110069148477,0.0107253057174677,1.49759649269219,397.0,0.17932954044645588,2
0,1,1,0,0,3439,0,2.410164490283877,-1.4467668591700995,1.9209508545240277,-0.6906772675373404,1.3432424746197074,0.5032533467195823,0.51973040210895,387.0,0.2134583202587853,3
0,0,1,0,2,1762,0,0.7028309232652052,0.4283099573435107,-0.5172079479355431,0.374463578785305,-0.0829505642034471,0.7384236240385197,0.624370082080628,387.0,0.17786150481122423,2
0,0,0,0,0,2272,0,1.3767783839304704,2.0355186572123194,-1.1898034796485282,4.102456540914564,-1.4697812541659243,-0.1374775393690201,-0.110387646234371,414.0,0.21537288847438982,3
0,0,1,0,0,131,0,-1.670961799300229,-1.6253456035999672,1.6687275301316578,-0.6906772675373404,2.447864751810205,-1.9576452159189024,-1.94591014905531,371.0,0.16229799827940378,2
0,1,0,0,0,3376,1,1.7511936398556178,-0.9110306258804968,1.2483553228110422,-0.1581068443760176,0.8845942881738408,0.3160612655734364,1.44404236285499,392.0,0.22330490444325612,4
0,0,1,0,0,2344,0,0.8600853307537671,0.1604418406987092,0.0713131423133186,0.374463578785305,-0.2197520449413754,1.3416357602512152,-0.880024553889761,402.0,0.1853871192712306,2
0,1,1,0,0,3212,1,0.1037665137849694,0.9640461906331136,-0.6012823893996663,0.9070340019466278,-0.7572598952895686,1.079439126410883,2.68412754434379,418.0,0.1921858689513541,2
0,0,0,0,2,743,0,-1.1617570512420283,0.5175993295584445,-0.6012823893996663,-0.1581068443760176,-0.96751750593638,-0.2983534443737826,2.17945240759042,398.0,0.05436690176569661,0
0,0,1,0,0,2464,0,1.758681944974121,0.249731212913643,-0.2649846235431738,0.374463578785305,-0.02696711009597,0.5852672523305554,0.797659879295432,400.0,0.1942434697253405,2
0,0,0,1,2,474,0,-1.4238477303896315,-0.0181369037311584,-0.5172079479355431,-0.6906772675373404,0.3784966702849109,1.4795412825770038,1.72580150143626,398.0,0.09907014215372406,0
0,0,1,0,1,2252,0,0.7702256693317318,-0.1074262759460922,0.0713131423133186,-0.1581068443760176,-0.7852818208443619,-0.7129297888165105,1.56000048000823,396.0,0.15096758410429423,1
0,0,0,1,2,1773,0,-0.0684645039405983,1.3212036794928488,-1.2738779211126512,0.6407487903659664,-2.167685884499193,-1.9589138437411189,0.411296028418958,420.0,0.1660374813108627,2
0,0,0,0,2,1912,0,0.1262314291404782,0.4283099573435107,-0.5172079479355431,-0.1581068443760176,-1.2181000888326572,-0.2314740302608451,1.21959812222902,401.0,0.15120715643066585,1
0,1,1,0,2,1242,0,0.2235793956810166,0.0711524684837753,-0.2649846235431738,0.1081783672046436,0.2141500000555369,0.231264840171648,-0.309133999169732,394.0,0.2251301010238856,4
0,0,0,0,0,4375,0,3.990196870287999,2.660544262716856,-1.3579523625767744,5.700167810398533,-1.905036692980695,-0.7812232936254144,0.682046838047432,423.0,0.19366733989274093,2
0,1,1,0,0,3118,0,0.9349683819387966,-0.5538731370207614,0.8279831154904267,-0.1581068443760176,0.7901411966070427,1.249069561770188,1.65796495332876,386.0,0.22529121749990766,4
0,1,1,0,0,1549,0,-0.113394334651616,-0.2860050203759599,0.2394620252415648,-0.424392055956679,0.1226252264087739,1.1567509118365007,0.0779615414697119,396.0,0.2130659280172276,3
0,0,1,1,2,1221,0,-0.9146429823314314,-0.6431625092356952,0.7439086740263036,-0.424392055956679,0.1935702399690538,0.8942228553736814,0.354934299460948,390.0,0.21139644128810983,3
0,1,1,0,2,2380,0,0.0513483779554488,0.6961780739883121,-1.021654596720282,-0.424392055956679,0.6159914331391924,-0.0226578371972553,1.43038968098512,404.0,0.21269760516107625,3
0,1,0,0,1,2453,0,-0.6375756929468224,-1.268188114740232,1.5005786472034115,-0.6906772675373404,-0.3016408396834535,0.1451237590823053,1.77070606003022,401.0,0.22529782092981906,4
0,0,1,0,2,1619,0,-0.6525523031838282,-1.4467668591700995,1.4165042057392885,-0.6906772675373404,0.056209535613578,1.445368599480234,2.09597084363105,399.0,0.13994167156383297,1
0,1,1,0,0,505,1,-1.416359425271129,2.74983363493179,-1.5261012455050205,3.30360090617258,-0.8716110662021844,1.3026931172978384,0.723918839226699,426.0,0.1743033295621878,2
0,0,1,0,2,1175,0,-0.0010697578740718,-0.1074262759460922,0.2394620252415648,-0.424392055956679,1.0956539292644758,0.1895370644723416,-1.49776822758301,386.0,0.21045447948685136,3
0,1,1,0,1,1642,0,0.6504127874356845,-0.196715648161026,0.5757597910980573,0.374463578785305,1.3818949305228534,-0.1047084338176487,-0.730887508542792,399.0,0.2010521501218767,3
0,0,1,0,2,531,0,-1.0569207795829874,0.6068887017733783,-1.3579523625767744,-0.6906772675373404,2.907118910631307,-2.457484577872288,-4.56434819146784,393.0,0.029228342892875615,0
0,0,0,0,0,1712,0,0.0513483779554488,-1.6253456035999672,2.0050252959881503,-0.6906772675373404,0.3781279506321728,-0.4495142438568618,1.8391174347281,389.0,0.13544435385314768,1
1,0,1,0,0,1305,0,-0.113394334651616,0.9640461906331136,-0.8535057137920357,0.374463578785305,-0.3422300082580503,2.384445915716758,1.56051260399796,422.0,0.13035916066697673,1
0,1,1,0,0,2676,1,1.2419888917974171,0.3390205851285768,-0.2649846235431738,0.374463578785305,0.1319975436154422,0.3197432073309664,0.275825459295256,399.0,0.21995028078682197,4
0,1,1,0,1,3651,0,1.0772461791903525,-0.1074262759460922,0.1553875837774417,0.6407487903659664,-0.1900915409003833,-1.067558770632697,1.51018295433876,389.0,0.22311071374100788,4
0,1,1,0,2,970,0,-0.5252511161692781,0.4283099573435107,-0.5172079479355431,0.1081783672046436,1.5492107829338615,0.1751744945193055,0.306956205064648,393.0,0.21831233648351683,3
0,0,0,0,0,2200,0,-0.1208826397701189,-1.0896093703103642,0.996131998418673,-0.6906772675373404,-1.2594280472390318,-1.3562475836049894,2.21516227802289,396.0,0.14041279206726248,1
0,0,1,0,0,1390,0,0.2385560059180224,-0.8217412536655628,0.5757597910980573,-0.424392055956679,-0.2531568531410501,-0.4318765736396114,1.46232560209605,384.0,0.1377965516592773,1
0,1,0,1,2,1159,0,0.0962782086664665,-0.2860050203759599,0.0713131423133186,-0.6906772675373404,0.733695269284395,0.2543272495331375,-1.4961092271271,392.0,0.18328078196848097,2
0,0,1,1,2,2231,0,0.2160910905625136,-0.5538731370207614,0.4076109081698111,-0.424392055956679,-0.6383080370477173,0.5068249685218142,-0.34705434595175,389.0,0.21931090152175312,4
0,0,1,0,0,2113,0,0.8226438051612524,-1.4467668591700995,1.1642808813469192,-0.424392055956679,-0.1046752478441729,1.6020247881864256,0.650462260708995,383.0,0.22457595685077525,4
0,0,1,1,2,841,0,-0.6600406083023311,-0.8217412536655628,0.6598342325621804,-0.6906772675373404,1.2155812249221694,-1.4063955034197757,-5.00394630594546,378.0,0.01602101447618344,0
0,0,0,0,0,2203,0,0.1936261752070048,-0.0181369037311584,-0.2649846235431738,-0.424392055956679,-1.629643521518193,-1.699557483634754,1.53445210554954,403.0,0.16534298895688276,2
0,1,1,0,0,1688,0,1.0922227894273584,-1.4467668591700995,1.4165042057392885,-0.6906772675373404,1.7566405444877342,0.1996887127015893,0.189692064905588,383.0,0.22493309786416418,4
0,0,1,0,0,2060,0,0.6204595669616728,-0.1074262759460922,-0.0968357406149276,-0.424392055956679,-0.3437504649843974,0.1012804665351993,1.5012957538144,390.0,0.16140769439296432,2
0,0,0,1,2,1863,0,-0.1583241653626337,-0.4645837648058275,0.323536466705688,-0.6906772675373404,0.1324123088645817,0.6881765059830351,2.39957735898136,391.0,0.08537865844309286,0
0,1,1,0,1,1315,0,-0.1583241653626337,0.4283099573435107,-0.6012823893996663,0.9070340019466278,-0.0572479236390919,-0.7893894904711998,0.984295460988213,400.0,0.2049875512045824,3
0,0,1,0,2,1675,0,0.1711612598514959,0.0711524684837753,-0.1809101820790507,-0.1581068443760176,-0.5364832392387686,-0.7374403496338925,2.13870777524121,392.0,0.06965920399347883,0
0,1,0,0,1,1710,0,-0.2257189114291602,-0.6431625092356952,0.8279831154904267,-0.1581068443760176,0.2657738050182421,-0.7343541458750915,2.06054430149847,388.0,0.16335133345340422,2
1,0,1,1,2,375,0,-1.363941289441608,2.1248080294272533,-1.5261012455050205,2.2384600598499347,-1.094926446188782,1.209336981417748,0.0702042586732486,414.0,0.15742882760082802,1
0,0,1,0,0,1753,0,0.2086027854440107,-1.0003199980954305,0.9120575569545498,-0.6906772675373404,0.2276743767977628,-0.7205926934803599,0.616714301808298,399.0,0.2125694205884893,3
0,0,1,0,0,1818,0,0.3808338031695785,-1.8039243480298348,2.1731741789163963,-0.6906772675373404,0.3216144059308704,-0.8547268438198881,-0.475574674295191,388.0,0.21877115373576939,4
0,0,1,0,0,1681,0,-0.1807890807181425,1.0533355628480474,-0.7694312723279125,2.2384600598499347,0.0512248416507784,-0.1398177683864686,-0.669944283480282,412.0,0.2121173420135711,3
0,0,1,0,0,1613,0,0.4032987185250873,-0.0181369037311584,0.1553875837774417,-0.1581068443760176,-0.0505700227577227,0.4450234095650229,-0.279695720819131,398.0,0.22527661095697193,4
0,0,0,0,1,1237,0,-0.1882773858366455,-0.9110306258804968,0.7439086740263036,-0.6906772675373404,-0.2849461919414328,-0.2342702129025811,-0.552565229938756,387.0,0.221685140044191,4
0,0,1,0,0,2688,0,1.316871942982447,1.678361168352584,-1.2738779211126512,1.7058896366886118,-0.6684672635869883,1.293913966788266,-0.309714787451664,396.0,0.22109292564032143,4
0,0,1,0,0,229,0,-1.416359425271129,-2.250371209104504,3.5183652423423664,-0.6906772675373404,1.6307049539175802,-0.8848458866608719,-3.17805383034795,371.0,0.09082498490437889,0
0,1,0,0,1,2171,0,0.6054829567246669,1.678361168352584,-1.1898034796485282,1.1733192135272892,-1.2071988769088051,-1.251055164405804,1.22266493733809,404.0,0.17994654432731372,2
0,0,0,0,2,855,0,-0.4353914547472427,0.4283099573435107,-0.6853568308637894,-0.6906772675373404,-1.105925033688201,-0.1599773352093593,-5.18738580584075,401.0,0.014709195954987481,0
0,0,1,0,0,2268,0,0.732784143739217,-1.5360562313850334,1.3324297642751657,-0.6906772675373404,-0.5375704456216553,-0.9850741822767984,1.27677929025492,387.0,0.19369104247220906,2
0,0,1,0,0,1578,0,0.2011144803255077,-0.2860050203759599,0.1553875837774417,-0.6906772675373404,0.6619325288432704,0.0114621310920092,0.908686132488936,401.0,0.1876348864709817,2
0,0,1,1,2,2372,0,0.6953426181467023,0.6068887017733783,-0.8535057137920357,-0.424392055956679,0.3220877153643648,0.6342705311412319,0.746257005873894,413.0,0.19580019057710762,2
0,0,0,0,0,2017,0,1.024828043360832,1.0533355628480474,-1.105729038184405,0.374463578785305,-1.9845646727642563,-1.6296643554601489,0.302280871872934,412.0,0.18999435504442067,2
0,1,1,0,1,2127,0,1.3692900788119675,1.0533355628480474,-0.7694312723279125,0.9070340019466278,-0.5343041567327591,0.0360722955115266,0.389464766761723,408.0,0.218546425390417,3
0,1,1,0,1,2025,0,0.3209273622215549,0.8747568184181798,-0.43313350647142,1.1733192135272892,0.5388637332709597,0.3071824707987695,0.262364264467491,420.0,0.22300479737332882,4
0,1,0,0,2,1888,0,-0.5327394212877811,0.5175993295584445,-0.6012823893996663,-0.1581068443760176,-0.8351011014997721,-0.3765855392316049,0.923493644168213,410.0,0.21973476443642684,4
0,0,1,1,2,2321,0,2.013284319003221,-1.0896093703103642,0.8279831154904267,-0.6906772675373404,0.5684937065665718,-0.256985396295515,-2.89433215911226,398.0,0.10838861461072428,0
0,1,1,1,2,1387,0,0.583018041369158,-0.5538731370207614,0.5757597910980573,-0.6906772675373404,0.5065391174569667,-1.2300492016551074,0.24636392312105,394.0,0.1981787280744318,2
0,0,0,0,2,1753,0,0.5605531260136493,1.5890717961376504,-1.2738779211126512,0.9070340019466278,-1.3846934254929606,-0.5338301252661759,-0.801360765200178,412.0,0.22237572374952763,4
0,0,1,1,2,1166,0,-0.7798534901983784,0.3390205851285768,-0.5172079479355431,-0.6906772675373404,0.4261573671772509,0.883851534259495,1.99003495396425,391.0,0.08302934425010916,0
1,0,0,0,1,166,0,-1.4463126457451403,0.9640461906331136,-1.105729038184405,0.1081783672046436,-0.0882846404639367,1.4870308688682718,-2.39789527279837,389.0,0.14340300999766703,1
0,1,1,0,0,1074,0,-0.6151107775913135,-0.9110306258804968,1.080206439882796,-0.424392055956679,-0.4207651207567487,0.2250797445665521,0.683422630667951,387.0,0.22201943760568202,4
0,1,1,0,1,1683,0,0.2610209212735313,-0.6431625092356952,0.996131998418673,-0.6906772675373404,-0.4056807384071234,1.1024230347565056,-1.75565446458594,388.0,0.10427378970145271,0
0,0,1,0,0,1998,0,0.1112548189034723,-1.178898742525298,1.080206439882796,-0.6906772675373404,-0.1647733791639735,-0.1470409205547236,-0.303682413798222,385.0,0.20820516549196594,3
0,0,1,0,0,3112,0,1.1146877047828674,0.6068887017733783,-0.3490590650072969,0.6407487903659664,0.0923646002696407,0.0779313116248726,-0.372341060683132,404.0,0.19348999315383933,2
0,0,1,1,2,340,1,-1.251616712664064,1.4104930517077827,-1.1898034796485282,2.504745271430596,0.1086248693229455,1.8756816555324425,0.775385278796917,412.0,0.12446543139323571,1
0,0,1,1,2,1052,1,-0.9221312874499344,-0.8217412536655628,0.5757597910980573,-0.424392055956679,0.8447750167625169,0.4679060604803687,2.05614597907631,388.0,0.08314915804428387,0
1,0,0,0,0,1102,0,-0.4129265393917339,0.4283099573435107,-0.9375801552561588,-0.6906772675373404,-0.6360500328556862,-0.7343541458750915,-0.0392207131532813,402.0,0.21757231440074776,3
0,1,1,0,0,3306,1,2.028260929240227,-0.5538731370207614,0.5757597910980573,-0.1581068443760176,0.9817378913590116,1.5136378544890774,1.12962252541067,396.0,0.22519184519135746,4
0,1,1,0,1,1927,0,0.0588366830739517,0.5175993295584445,-0.1809101820790507,1.1733192135272892,-0.678343075388849,-0.5716090817217491,0.165168477567705,400.0,0.22129519599630615,4
0,0,1,0,0,2009,0,-0.0010697578740718,-1.3574774869551658,1.080206439882796,-0.6906772675373404,-0.5068294990447022,0.5247575884065834,-0.714469950028766,390.0,0.1675172860634894,2
1,0,0,0,0,747,0,-0.5027862008137692,-0.1074262759460922,-0.0127612991508044,0.374463578785305,-0.5889733512468114,-0.3537430062773164,-2.57084907958872,404.0,0.1282573859166309,1
0,0,0,0,0,2344,0,1.6388690630780736,-1.5360562313850334,1.6687275301316578,-0.6906772675373404,1.0863808753725284,1.551146073015401,0.750671024698132,390.0,0.21352885096070456,3
0,0,0,0,0,2208,1,1.2494771969159204,0.5175993295584445,-0.6853568308637894,-0.1581068443760176,-0.8643035504935096,-0.3371288787163162,-2.78253905309295,401.0,0.09743609093477076,0
0,1,0,0,1,1399,0,-0.105906029533113,-2.0717924646746364,2.1731741789163963,-0.424392055956679,0.840563729216128,-0.5619179339525683,1.55032559941683,377.0,0.19605832027838727,2
0,1,1,0,2,1027,0,-0.2406955216661661,-1.8039243480298348,1.9209508545240277,-0.6906772675373404,2.0320543938505966,-1.246092005426351,-0.966301152448816,386.0,0.2004889925488206,3
0,0,1,0,0,1588,0,0.5680414311321521,-0.8217412536655628,0.8279831154904267,-0.424392055956679,1.1203948432201292,0.6350354039866632,2.06577023908187,400.0,0.10157332998294895,0
0,0,0,1,2,345,0,-1.5586372225226848,-0.8217412536655628,-0.0127612991508044,-0.6906772675373404,0.5987473470276995,0.294529532360915,2.27105883934727,414.0,0.0681018401061479,0
0,0,0,0,0,1482,0,-0.2032539960736513,0.1604418406987092,-0.5172079479355431,-0.424392055956679,-1.7099340019148186,-1.1982738775666426,-5.34710753071747,402.0,0.0037874326350076557,0
0,0,0,0,0,1957,0,0.5305999055396374,0.9640461906331136,-0.6012823893996663,1.4396044251079505,-1.4583676351011978,-1.0187543142629767,1.51198257628339,407.0,0.12183722954335122,1
0,1,0,0,0,1271,0,-1.0644090847014902,0.9640461906331136,-0.8535057137920357,0.1081783672046436,0.5453282846461514,0.1441576715396886,1.38101730401905,396.0,0.20192634156277894,3
0,0,0,0,0,2281,0,-0.2182306063106572,0.6961780739883121,-0.8535057137920357,-0.424392055956679,-1.6163620013210178,-0.390634572635842,0.804499325886038,396.0,0.22029198211497492,4
0,0,1,0,1,2239,1,1.7811468603296297,-0.1074262759460922,0.0713131423133186,-0.424392055956679,0.9852618531703216,0.2037860937875207,-1.02165124753198,386.0,0.21773927571320514,3
0,1,1,0,0,1293,0,0.1486963444959871,-0.1074262759460922,0.2394620252415648,-0.1581068443760176,1.1810782402241902,0.4037381889474972,1.36763893545839,392.0,0.17791093558164384,2
0,0,1,1,2,609,0,-1.3040348484935846,-1.4467668591700995,1.5005786472034115,-0.6906772675373404,1.2791134938120614,0.1229669064978995,-2.53369681395743,370.0,0.12061001314613672,1
0,0,1,1,2,1301,1,0.3583688878140696,0.5175993295584445,-0.9375801552561588,-0.1581068443760176,1.019388109248038,-0.7462743410234192,-1.55814461804655,385.0,0.22165778748832732,4
0,0,0,1,2,1850,0,0.3284156673400578,-0.4645837648058275,0.2394620252415648,-0.424392055956679,-0.3840582804244796,0.4625229379716114,-1.46396739943811,399.0,0.18458975287878224,2
0,0,1,1,2,311,0,-1.6035670532337023,-1.0896093703103642,1.5005786472034115,-0.6906772675373404,0.858493102672854,0.0690346407473978,-1.34373474670109,377.0,0.2187802719773997,4
0,0,1,1,2,1797,0,0.9199917717017908,-0.1074262759460922,-0.5172079479355431,-0.6906772675373404,0.1721140887524276,1.058775463381871,-1.80856658754444,394.0,0.1760192596415081,2
0,0,1,0,1,1351,0,-0.3080902677326926,-0.3752943925908937,0.0713131423133186,-0.1581068443760176,0.1807435518774091,0.3293695997101517,-0.329354768852349,384.0,0.2206600195140639,4
0,1,1,0,0,1700,1,0.6429244823171816,-0.4645837648058275,0.4916853496339342,-0.1581068443760176,1.5323942267223472,0.1809321953563602,0.311392552224189,402.0,0.22507446705225198,4
0,0,1,0,0,2912,1,1.7287287245001088,0.1604418406987092,-0.1809101820790507,0.1081783672046436,1.2914512335295207,1.4775488605828602,0.113023388403395,399.0,0.2238850390372299,4
0,1,1,0,0,2973,1,1.129664315019873,-0.732451881450629,0.8279831154904267,-0.424392055956679,1.7295899759600166,0.8572086412975737,0.26750566396791,392.0,0.19029255559736938,2
0,0,1,1,2,805,1,-1.0269675591089755,0.6068887017733783,-0.43313350647142,1.9721748482692731,-0.2353458445840296,0.3894265706448196,-4.60517018598809,399.0,0.025532661309465386,0
0,1,1,0,0,1815,0,0.0962782086664665,-2.1610818368895703,2.425397503308766,-0.6906772675373404,0.396774543148812,0.4827550628413881,2.30936207727307,377.0,0.16931617731141627,2
0,0,1,0,0,1920,0,1.7736585552111266,-0.0181369037311584,-0.2649846235431738,-0.1581068443760176,0.6052809848432947,1.1404476626885156,1.26116637929175,397.0,0.1378347073705536,1
0,0,1,0,2,447,0,-1.2965465433750816,0.249731212913643,0.1553875837774417,0.1081783672046436,0.3434693638295616,0.9849214081981724,1.11411647520407,401.0,0.1184193994616831,1
0,1,1,0,0,1864,1,0.6803660079096964,-1.5360562313850334,2.0050252959881503,-0.6906772675373404,2.1203673068557776,-1.0874849532908242,-0.940983344464527,391.0,0.18162029738233576,2
0,0,1,0,1,104,0,-1.6934267146557378,-1.268188114740232,0.1553875837774417,-0.6906772675373404,2.5263008030967624,-0.883471202490232,0.646627164925052,364.0,0.20953544373210323,3
0,0,0,0,0,1134,0,-0.3904616240362251,1.0533355628480474,-0.9375801552561588,0.6407487903659664,0.6474212202782496,0.5162070053891895,0.611526652205192,405.0,0.18907982700410308,2
0,1,1,0,1,1697,0,0.0363717677184429,0.5175993295584445,-0.7694312723279125,-0.424392055956679,-0.3340221033485488,2.577874180097126,1.00632782978032,396.0,0.22381537160791332,4
1,0,1,0,2,1104,0,-1.5062190866931642,1.0533355628480474,-1.021654596720282,0.374463578785305,-0.1165650004868055,2.139090714004304,-2.484906649788,407.0,0.08856255972215345,0
0,0,1,0,2,1407,0,0.15618464961449,-1.268188114740232,1.5005786472034115,-0.424392055956679,2.318315376640484,-1.270765751571448,0.560722594910614,392.0,0.17874638834833442,2
1,0,0,0,1,677,0,-1.3040348484935846,0.6068887017733783,-1.3579523625767744,-0.6906772675373404,-1.861191775153128,-0.909976006743344,-1.09861228866811,396.0,0.21173083249810193,3
1,0,1,0,0,763,0,-0.2257189114291602,0.249731212913643,0.323536466705688,1.1733192135272892,1.2146403145178983,-0.8698558836468222,-1.0286537000612,409.0,0.225277243611825,4
0,0,1,0,2,765,0,-1.2965465433750816,-0.0181369037311584,-0.3490590650072969,-0.424392055956679,0.688329832110042,0.1959110415952908,0.340926586970593,398.0,0.20754598889447448,3
1,0,0,0,0,255,0,-1.536172307167176,1.1426249350629811,-0.6012823893996663,1.7058896366886118,0.0667184864708659,2.036169293806667,-2.77258872223978,396.0,0.10818793055586212,0
0,0,1,0,1,1649,0,-0.3006019626141897,-0.4645837648058275,0.5757597910980573,-0.424392055956679,0.8862690871965824,1.5331977264317214,0.114958972779764,396.0,0.22337743555739067,4
0,0,1,0,0,1994,1,-0.3829733189177221,1.5890717961376504,-1.1898034796485282,1.1733192135272892,-0.8971598434871851,-0.0274731562192705,-0.85629882124618,402.0,0.20407929794610885,3
0,0,1,0,0,3032,0,1.167105840612388,0.9640461906331136,-0.9375801552561588,0.6407487903659664,-0.5430871087221334,0.8143036467345284,-0.342597830047896,407.0,0.196647942066125,2
0,0,1,0,1,1362,0,0.3808338031695785,1.5890717961376504,-1.1898034796485282,2.504745271430596,-0.6796581913747611,0.2347485787283275,0.85618680780445,398.0,0.14545614615948177,1
0,0,0,0,2,106,0,-1.6484968839447205,-2.8753968146090405,2.929844152093505,-0.6906772675373404,1.525930364839032,-1.22203257002524,-2.14006616349627,367.0,0.15290750011877607,1
0,1,0,0,1,1295,0,-0.1583241653626337,-0.1074262759460922,-0.0127612991508044,-0.1581068443760176,-0.1076217742361467,-0.5360943509966483,-2.81032905022263,385.0,0.0522615907628354,0
0,0,0,0,0,1754,0,0.4557168543546079,0.6961780739883121,-0.6853568308637894,-0.424392055956679,-1.0715152566624997,-0.7962453757586843,-0.934919551707648,411.0,0.2199747594216154,4
0,0,0,1,2,443,0,-1.513707391811667,-0.196715648161026,-0.2649846235431738,-0.6906772675373404,-0.9343048619280204,-1.644540423724625,1.08904283765196,401.0,0.11264926616829553,0
0,1,1,0,0,1093,0,-0.2781370472586809,-1.0003199980954305,0.6598342325621804,-0.6906772675373404,0.8108347521553673,-1.0796108381050862,0.799756915618204,386.0,0.21596679414043038,3
0,0,1,1,2,436,0,-1.3040348484935846,-1.3574774869551658,0.996131998418673,-0.6906772675373404,1.307426154007719,0.0205034516282683,-4.14313472639153,386.0,0.030260827385799494,0
0,1,1,0,0,1623,0,-0.5552043366432899,-1.3574774869551658,1.5005786472034115,-0.424392055956679,0.7711097849281373,1.637471722936812,0.243787878894556,385.0,0.19332977692756645,2
0,0,0,0,0,1704,0,0.2909741417475431,1.3212036794928488,-1.2738779211126512,-0.1581068443760176,-1.3710098280334906,-1.0933396525411725,-0.685926932586458,410.0,0.2253349460030649,4
0,1,1,0,0,4132,1,2.178027031610286,-0.1074262759460922,-0.0127612991508044,-0.424392055956679,0.2101707692034974,1.409133371178545,0.919316452790692,400.0,0.1989774583842628,2
0,1,1,0,0,2782,0,2.889416017868066,-0.6431625092356952,0.6598342325621804,-0.424392055956679,1.0628160345871334,-0.1861979876013595,-1.46473321921145,394.0,0.1500354010461936,1
0,1,1,0,1,834,0,-0.3080902677326926,-0.4645837648058275,0.323536466705688,-0.1581068443760176,1.7777199201490277,-0.9657577530497732,1.89584366052628,374.0,0.12410074232849252,1
0,0,1,0,2,263,0,-1.5661255276411878,-2.3396605813194378,3.0979930350217506,-0.6906772675373404,1.0276175046817628,0.405663706472864,-2.23359222150709,367.0,0.15162766302196234,1
0,1,0,0,2,2841,0,1.152129230375382,-0.1074262759460922,-0.0968357406149276,-0.1581068443760176,-1.544398289536011,-1.4203310971559175,0.9598302581793,405.0,0.21858974602321002,3
0,0,1,0,0,1947,1,1.4516614351155,-0.5538731370207614,0.5757597910980573,-0.1581068443760176,0.3769161185531273,-0.0528901332208326,0.679128259380614,389.0,0.17241524525833327,2
0,0,1,0,2,1218,0,-0.9371078976869402,-0.0181369037311584,-0.0127612991508044,0.374463578785305,-0.9142624559581092,-0.7103038853299749,-4.02535169073515,388.0,0.02722964427840095,0
1,0,1,0,0,808,0,0.1412080393774841,0.249731212913643,-0.6853568308637894,-0.424392055956679,0.3385135351544339,-0.3504884555786839,-1.55619339791529,388.0,0.21332342185116646,3
0,0,1,0,2,1239,1,-0.540227726406284,0.3390205851285768,-0.3490590650072969,-0.6906772675373404,-0.827419638692633,-0.2642830514319478,1.97828094819734,404.0,0.0630958067894843,0
0,1,1,0,0,1811,0,0.0064185472444311,-2.250371209104504,2.593546386237012,-0.424392055956679,0.093178977244667,-0.2881099865119282,-0.574430873720563,375.0,0.15840513460230635,1
0,0,1,0,2,1027,0,-0.7349236594873606,-0.0181369037311584,-0.3490590650072969,-0.424392055956679,1.1111952945182653,-0.4810019596710251,0.128121099896275,378.0,0.21155785736461863,3
0,0,0,1,2,585,0,-1.4088711201526258,-0.0181369037311584,-0.6853568308637894,-0.6906772675373404,0.1242054475628168,-0.1069579373017519,2.44500543303581,415.0,0.05114602152435683,0
0,0,1,0,0,2745,0,0.1187431240219753,-0.1074262759460922,-0.0127612991508044,-0.1581068443760176,-1.0354422822015863,0.3334217611657967,-0.403490773804447,397.0,0.1655429744287191,2
0,0,1,0,0,1803,1,1.2569655020344233,-0.4645837648058275,0.5757597910980573,-0.1581068443760176,-0.1268806349747219,0.3388990294620445,-0.0823086474627236,393.0,0.21313228262058073,3
0,0,0,0,0,2212,0,0.4632051594731109,0.1604418406987092,-0.43313350647142,-0.424392055956679,-0.8067037416617872,1.0503166586934305,-1.30599441871825,399.0,0.1441387940027441,1
0,0,1,0,0,2601,0,0.3883221082880814,-0.5538731370207614,0.5757597910980573,-0.424392055956679,-0.778804414603445,-0.229538540653304,-1.01246633795491,395.0,0.14521210342950605,1
0,0,0,0,0,1801,0,0.2759975315105372,0.4283099573435107,-0.43313350647142,0.1081783672046436,-0.4714562658810232,1.0146088911548383,1.3154097117766,400.0,0.16936392519500762,2
0,0,0,1,2,1872,0,0.0588366830739517,0.1604418406987092,-0.6012823893996663,-0.424392055956679,-0.5562360124648573,0.5156517978493713,-0.765059762150232,400.0,0.2149503336157893,3
0,0,1,0,2,734,0,-0.5926458622358046,1.1426249350629811,-1.2738779211126512,-0.424392055956679,0.578787080204245,0.709413177937274,-5.06259503302697,390.0,0.017345949695960608,0
0,0,1,0,1,1858,0,0.9724099075313112,-0.5538731370207614,0.4076109081698111,-0.6906772675373404,0.4699490099528245,0.168017172926457,0.234522704171685,387.0,0.21675012660098267,3
1,0,1,0,1,1304,1,0.2834858366290401,-0.196715648161026,-0.0968357406149276,-0.424392055956679,0.4870356500616208,0.9068483054596624,1.46577747168873,398.0,0.12018137764572766,1
0,1,1,1,2,1671,0,0.9873865177683172,1.3212036794928488,-1.2738779211126512,0.374463578785305,1.03797602584056,0.3834635610578613,-0.139355520910511,401.0,0.21640326248812417,3
0,1,1,0,0,2099,0,1.5415210965375352,-0.8217412536655628,0.7439086740263036,-0.424392055956679,1.122344063850974,-1.0225003019641894,-0.476798672378564,392.0,0.21066680924882616,3
0,0,1,0,2,2003,1,0.717807533502211,0.5175993295584445,-0.43313350647142,0.1081783672046436,-0.36776471507139,0.4192743660111995,0.773882648912382,388.0,0.1608545928550815,1
0,1,1,0,1,1316,0,-0.68250552365784,-2.518239325749305,2.929844152093505,-0.6906772675373404,0.0546497029595138,-0.765779016975342,2.23457021669507,373.0,0.1571955150226567,1
0,0,0,1,2,1953,0,1.137152620138376,1.3212036794928488,-0.8535057137920357,2.504745271430596,-1.5166153780777905,-0.6805338917266901,-4.86496705495034,407.0,0.02782602314293464,0
0,1,0,1,2,1638,0,-0.0385112834665865,1.0533355628480474,-0.6012823893996663,2.504745271430596,-1.0422656267703403,-0.6985870917310716,-0.0996298409488413,411.0,0.22448782677992782,4
0,1,0,0,2,1664,0,0.3883221082880814,-0.1074262759460922,0.1553875837774417,0.6407487903659664,-0.0938554901306119,-0.0374390132223789,1.70945546010258,385.0,0.1439176287287214,1
0,0,1,1,2,448,0,-1.6260319685892113,-0.732451881450629,0.8279831154904267,-0.6906772675373404,0.5639358481901223,-0.5574255747325209,1.70474809223843,408.0,0.08166034283471137,0
0,0,0,1,2,1919,0,-0.4353914547472427,1.4104930517077827,-0.8535057137920357,1.7058896366886118,-2.166308655229107,-2.06508853890263,-5.18738580584075,410.0,0.009797279052282585,0
1,0,1,0,0,147,0,-1.6110553583522054,-1.0003199980954305,1.3324297642751657,-0.6906772675373404,1.374368677916367,-0.6757442672357301,-1.48160454092422,371.0,0.2047357368768831,3
0,0,1,0,0,387,0,-1.4088711201526258,-1.8932137202447687,2.8457697106293813,-0.6906772675373404,2.1503428245579834,-1.1885125543084614,-2.79320800944252,369.0,0.1052998774518879,0
1,0,0,0,0,87,0,-1.6110553583522054,-2.518239325749305,3.0979930350217506,-0.6906772675373404,1.7704297065605812,-1.3285370534603296,-3.09104245335832,385.0,0.08501011939070523,0
0,1,0,1,2,1741,0,-0.3605084035622132,1.3212036794928488,-1.1898034796485282,0.374463578785305,-0.1255189211386334,0.4760930214612505,1.68286538098892,406.0,0.15055024202287456,1
0,0,1,0,1,1662,0,0.2310677007995195,-0.732451881450629,0.4076109081698111,-0.6906772675373404,0.3557893205308308,0.3003535383205787,0.802603773439775,386.0,0.2070205792310494,3
0,1,1,0,0,1834,1,0.1412080393774841,-0.3752943925908937,0.1553875837774417,-0.424392055956679,1.2388290469788794,0.7200656516885197,2.69124308278583,403.0,0.12271615897708549,1
0,0,1,0,0,1508,0,0.3508805826955667,-0.1074262759460922,0.323536466705688,-0.1581068443760176,0.4783625509190431,-0.0910368824703018,1.18405749462499,407.0,0.1469601355649314,1
0,0,1,0,0,1251,0,-0.0010697578740718,0.6961780739883121,-0.5172079479355431,-0.1581068443760176,-0.4880637354353805,0.3427745494261138,-0.758529939822797,399.0,0.22488127112218628,4
0,0,1,0,0,1772,0,0.4257636338805962,-1.3574774869551658,1.4165042057392885,-0.6906772675373404,0.9140575070118258,0.9975280772552734,0.100245414991056,391.0,0.22506121200203089,4
0,0,1,0,1,1930,0,0.0813015984294606,1.5890717961376504,-1.1898034796485282,0.9070340019466278,-1.5724616210216813,-1.5414577264582328,-5.51342874616498,415.0,0.004168325486235525,0
0,1,1,0,0,1704,0,0.2011144803255077,-1.8039243480298348,2.2572486203805195,-0.6906772675373404,1.3162000829345823,1.0201243162816702,-0.648695417989111,382.0,0.16284090930934103,2
0,0,1,1,2,329,0,-1.378917899678614,0.5175993295584445,-1.2738779211126512,-0.6906772675373404,-0.3107573967575175,0.9259265439216106,-0.163629423781802,405.0,0.20934874560261701,3
0,0,1,1,2,1964,0,1.144640925256879,-1.178898742525298,1.4165042057392885,-0.424392055956679,1.269638645768352,1.0765120514987594,0.507743957228583,386.0,0.18810504259524233,2
0,0,0,0,1,1941,0,0.5680414311321521,1.4104930517077827,-1.105729038184405,0.6407487903659664,-1.725831897799193,-1.1587005376806867,-5.74620319054015,399.0,0.0037342546304101093,0
0,1,1,0,0,1825,0,-0.9296195925684372,-0.196715648161026,0.4916853496339342,-0.6906772675373404,-0.780881161215374,0.0540370380797919,1.36392206336536,402.0,0.22125563956390218,4
0,1,1,0,0,2284,0,0.8226438051612524,-0.0181369037311584,-0.0127612991508044,0.9070340019466278,-0.550657574561621,0.6100497200701837,-0.292496718247321,392.0,0.18436165466946428,2
0,0,1,1,2,672,0,-1.5885904429966966,-0.1074262759460922,-0.6012823893996663,-0.6906772675373404,0.4565975126482487,0.5631220425037524,2.96938829821439,389.0,0.04103966224144703,0
0,0,1,0,2,1829,0,-0.2032539960736513,-0.732451881450629,0.4916853496339342,-0.6906772675373404,0.5067813307838572,0.1201451990245594,1.7253143698199,401.0,0.1483913889070964,1
0,0,1,1,2,484,0,-1.5811021378781935,0.6068887017733783,-1.5261012455050205,-0.6906772675373404,0.4755221778677495,0.6541187228829821,-3.25809653802148,413.0,0.06905946388961459,0
0,0,0,0,2,2418,0,1.4441731299969969,0.5175993295584445,-0.3490590650072969,0.6407487903659664,-0.2711842209182992,0.0609368227389995,-2.88573137833966,399.0,0.09443391729294343,0
1,0,1,0,0,1612,0,-0.4803212854582604,0.8747568184181798,-1.1898034796485282,-0.1581068443760176,-0.2943861109278996,-0.3249503273546651,-3.36153212526972,409.0,0.03796679216995026,0
0,1,0,0,0,2683,0,-0.3155785728511956,-0.6431625092356952,0.7439086740263036,-0.1581068443760176,-1.4817247027973472,-1.2616333425466155,1.21924027645672,398.0,0.22195092793166935,4
1,0,0,0,2,106,0,-1.513707391811667,0.1604418406987092,-0.2649846235431738,-0.6906772675373404,-2.15372678983767,-2.457484577872288,-2.4567357728213,401.0,0.20084596456148182,3
0,0,1,0,2,776,0,-0.7424119646058636,0.8747568184181798,-0.7694312723279125,0.6407487903659664,-0.188662034801669,-0.4323622144941381,0.395756293981203,406.0,0.16102693176908914,2
0,0,0,0,1,1474,0,0.15618464961449,-0.0181369037311584,0.1553875837774417,-0.424392055956679,0.1860265839191373,1.4294955350114689,0.455853600520978,389.0,0.20965739187990196,3
0,0,0,0,0,2039,0,0.9798982126498142,0.6961780739883121,-0.8535057137920357,-0.1581068443760176,-1.0326509716657648,-1.4138033206302376,-0.487547938896645,400.0,0.22520439717745258,4
0,0,1,1,2,1625,0,0.3284156673400578,1.4997824239227164,-1.021654596720282,0.9070340019466278,-0.0975545343092874,0.7258000725003797,2.17644876015561,404.0,0.042668336960871946,0
1,0,1,0,0,1679,0,-0.2856253523771838,1.678361168352584,-1.3579523625767744,1.9721748482692731,0.7765312452143346,4.0358127677181175,0.427006951882919,410.0,0.22521132381614556,4
1,0,1,0,0,922,0,-0.2931136574956867,0.4283099573435107,-0.3490590650072969,0.374463578785305,0.5671179680434982,2.5493119810436395,0.192371892647456,409.0,0.21387467219604317,3
0,0,1,0,0,2251,0,1.7062638091446,0.8747568184181798,-0.7694312723279125,0.6407487903659664,0.6870949187104318,1.4404186472408882,1.76781926168205,405.0,0.11070457791685233,0
1,0,0,0,0,1149,0,-0.4803212854582604,1.5890717961376504,-0.9375801552561588,2.504745271430596,-1.4013179070705235,-0.1494795867115523,1.64017453808223,415.0,0.09000594853675775,0
0,0,0,0,2,1944,1,-0.4428797598657457,0.0711524684837753,-0.43313350647142,-0.424392055956679,-1.3146077242220244,-1.0933396525411725,0.355550716726451,406.0,0.21686529171744498,3
0,0,0,0,0,1501,0,-0.0684645039405983,1.231914307277915,-1.2738779211126512,-0.424392055956679,-1.3449766118186397,-1.3668956968614026,-2.02814824729229,398.0,0.16864723541535048,2
1,0,0,0,0,692,0,-1.2216634921900522,0.6961780739883121,-1.021654596720282,-0.6906772675373404,-1.324791434302376,-2.268239039098031,0.630408839926522,414.0,0.16092256171556318,2
0,0,1,0,2,2484,1,0.7103192283837082,-0.1074262759460922,0.2394620252415648,0.1081783672046436,0.7389920171763839,0.5080478684996987,0.667211325584412,391.0,0.20827365626898953,3
0,1,1,0,0,1797,1,0.5755297362506551,-1.3574774869551658,1.5846530886675347,-0.6906772675373404,1.593363116532056,-0.2529899406093174,1.32302891462912,389.0,0.1940736301426336,2
0,1,1,0,0,1926,1,1.309383637863944,-1.6253456035999672,1.5846530886675347,-0.6906772675373404,1.6889263161279997,-1.1145880158640875,-0.587301345795287,398.0,0.2079527947436079,3
1,0,1,0,0,143,0,-1.4612892559821464,-0.8217412536655628,0.7439086740263036,-0.6906772675373404,2.152659976968081,-0.3969579773721441,0.980829253011726,397.0,0.15137577161643404,1
0,1,1,0,0,2954,1,2.028260929240227,-0.0181369037311584,0.323536466705688,0.1081783672046436,1.191856632568599,1.2331878132063274,-0.282446458397836,394.0,0.19701013088133845,2
0,1,1,0,0,927,1,-0.7499002697243665,-0.3752943925908937,0.5757597910980573,-0.424392055956679,2.251410788620215,-2.068990230205176,-0.477329669337808,398.0,0.2211048101633188,4
0,1,1,0,0,1349,1,0.6878543130281993,-0.5538731370207614,0.7439086740263036,-0.1581068443760176,2.366956424096148,-1.7294012967467112,1.39762806762974,397.0,0.1347499035005643,1
0,1,1,0,2,2501,1,1.4816146555895118,-0.196715648161026,0.4916853496339342,-0.424392055956679,0.2732511034379682,0.5533430861931881,0.0580520119079644,395.0,0.22527855338293776,4
0,1,1,0,0,1511,0,-0.3080902677326926,0.5175993295584445,-0.8535057137920357,-0.424392055956679,0.8828251852169207,2.4610207518457377,1.27153608300329,406.0,0.2204177496783681,4
0,1,1,0,0,1637,1,0.6653893976726905,-0.196715648161026,0.0713131423133186,0.374463578785305,1.4195753066198245,-0.2175202777562007,-0.488580014818671,398.0,0.21128433151310422,3
0,1,1,0,0,1638,1,0.3658571929325726,-1.178898742525298,0.996131998418673,-0.6906772675373404,1.9619845395071729,-1.1982738775666426,1.95585058876056,396.0,0.14763149790435584,1
0,1,0,0,0,2797,1,0.6803660079096964,0.5175993295584445,-0.2649846235431738,0.6407487903659664,-0.9787760965143136,-1.216732096627257,1.89498355800887,400.0,0.18333364631941654,2
0,1,1,0,0,2803,1,2.3053282186248363,-0.3752943925908937,0.6598342325621804,0.1081783672046436,2.0166136597554787,-0.3550564375118111,0.423046646157965,395.0,0.22419970102030956,4
0,1,1,0,0,2188,1,1.466638045352506,-0.9110306258804968,1.080206439882796,-0.1581068443760176,1.4599046116316008,0.0264063647781495,-1.04029980661005,391.0,0.17220870705529975,2
0,1,1,0,0,1880,1,0.4706934645916138,0.0711524684837753,0.2394620252415648,0.9070340019466278,1.331544512526249,0.6597316983098754,-0.319287411867112,400.0,0.20586357523574103,3
0,1,1,0,0,2122,1,0.6878543130281993,-0.3752943925908937,0.5757597910980573,-0.1581068443760176,0.713966716812747,1.3688069374768144,2.25528318252761,400.0,0.14901924092338278,1
0,0,1,1,2,1698,0,-0.0534878937035924,-0.1074262759460922,-0.2649846235431738,-0.424392055956679,-0.829271075515779,0.0297902683144772,1.88310924781628,419.0,0.0994707497534,0
0,1,1,0,0,1135,0,-0.3829733189177221,-0.8217412536655628,1.1642808813469192,-0.6906772675373404,1.209636619674498,0.0809066840654337,1.65566462992933,387.0,0.1652763070227007,2
0,0,1,0,0,1745,0,-0.4129265393917339,-0.2860050203759599,0.1553875837774417,-0.424392055956679,-0.1521793242435811,-0.3936779286607456,-2.49595648597459,409.0,0.06657319912100233,0
0,0,1,0,0,2629,0,1.8260766910406472,0.249731212913643,-0.0968357406149276,0.6407487903659664,0.4679932228414403,0.730536122483121,-0.364726277129061,399.0,0.22156630913947403,4
0,0,1,0,0,2255,0,0.0588366830739517,0.8747568184181798,-0.9375801552561588,0.374463578785305,-0.5765584281299044,1.186687941061037,-1.07044141170141,410.0,0.1512389075547673,1
0,0,1,0,1,1097,0,-0.4129265393917339,0.249731212913643,-0.6853568308637894,-0.424392055956679,-0.4282887231893448,0.1688363722638222,1.54943123152098,390.0,0.13003991538732432,1
0,0,0,1,2,1049,1,-0.5177628110507752,-0.9110306258804968,1.1642808813469192,-0.6906772675373404,0.446592456480804,1.5686285668609177,-5.12396397940326,389.0,0.01043427330605754,0
0,0,1,0,2,1617,0,0.2385560059180224,0.8747568184181798,-0.5172079479355431,0.1081783672046436,-0.5487377781990078,-0.7364854141892495,2.35225997809175,394.0,0.038293287439581214,0
0,0,1,0,0,1301,0,0.013906852362934,-0.4645837648058275,0.323536466705688,-0.424392055956679,0.3376443789911134,-0.9979229052658984,1.42728370565309,387.0,0.1311846486317942,1
0,1,1,0,1,1337,0,-0.1807890807181425,0.8747568184181798,-1.021654596720282,0.374463578785305,-0.56745641573267,1.142143916195169,-1.33594047497428,402.0,0.14468204676470647,1
0,0,0,0,1,1883,0,0.4931583799471227,0.5175993295584445,-0.5172079479355431,-0.424392055956679,-1.472211636221581,-0.5797025032794839,-4.61512051684126,407.0,0.013379335604960983,0
1,0,1,0,2,396,0,-1.3339880689675965,0.8747568184181798,-1.105729038184405,-0.6906772675373404,0.8999253182533106,1.5936124731110308,2.26634299022061,409.0,0.048560395346415416,0
0,0,0,0,0,1916,0,-0.0684645039405983,-0.2860050203759599,0.0713131423133186,-0.6906772675373404,-0.4815858515869552,0.3106758969123528,1.7229232270781,401.0,0.165544361900111,2
0,1,0,0,0,472,0,-1.39389450991562,1.4104930517077827,-0.8535057137920357,0.374463578785305,-0.9907517952234024,0.5251373775126901,1.94591014905531,414.0,0.10071174535309604,0
0,1,1,1,2,587,0,-0.8472482362649049,0.6068887017733783,-0.3490590650072969,1.7058896366886118,-0.4578609022805497,-0.5611604567987104,0.755667537541279,399.0,0.16086350669723376,1
1,0,0,0,2,108,0,-1.663473494181726,1.0533355628480474,-1.5261012455050205,1.9721748482692731,-1.960502783998483,-1.8511979443917927,-2.70805020110221,404.0,0.15860592969597437,1
1,0,0,0,2,94,0,-1.6110553583522054,0.9640461906331136,-0.9375801552561588,0.1081783672046436,-1.6099826401958497,-2.457484577872288,-3.09104245335832,398.0,0.1636617594058688,2
0,0,0,0,0,2350,0,-0.5327394212877811,-0.196715648161026,-0.0127612991508044,-0.6906772675373404,-1.821431548565436,-1.0921786781366354,0.196279909044662,399.0,0.21502833540075753,3
0,0,0,0,1,1896,1,0.5455765157766433,1.9462292849973857,-1.2738779211126512,3.037315694591918,-1.9633208556301496,-1.21421325351988,1.19196552068547,419.0,0.11231302852095265,0
1,0,0,0,2,395,0,-0.9895260335164608,2.660544262716856,-1.5261012455050205,5.433882598817871,-1.5265197527218073,-0.4682504589084341,-2.25606507735915,426.0,0.21517321699307465,3
0,1,0,0,0,1627,0,-0.5177628110507752,0.6068887017733783,-0.8535057137920357,-0.424392055956679,-0.3992356739381986,1.4664233819000514,1.42711635564015,400.0,0.21497706865535485,3
0,1,0,1,2,1343,0,0.2610209212735313,0.4283099573435107,-0.6012823893996663,-0.1581068443760176,0.6536730766711916,0.1021916781473758,-2.47030785036685,392.0,0.11397731598878251,1
0,1,1,0,0,2107,1,0.6878543130281993,-0.5538731370207614,0.5757597910980573,-0.424392055956679,1.5121505797710306,0.0908184245497658,-0.425419722637709,394.0,0.1919030077284924,2
0,1,1,0,0,2593,1,1.7062638091446,-1.5360562313850334,1.836876413059904,-0.424392055956679,1.8225361309747112,-0.8034654320022444,-0.057537992512185,394.0,0.21527404949694498,3
0,0,1,0,2,2269,0,1.144640925256879,0.8747568184181798,-1.021654596720282,-0.1581068443760176,0.375272468453352,1.6403610858812936,-0.703456550218806,401.0,0.22008697696651108,4
0,1,1,0,0,2021,0,0.4781817697101168,0.249731212913643,-0.43313350647142,-0.6906772675373404,0.7852750615151658,0.4422514929948422,0.0797871166178319,385.0,0.21353455155659132,3
0,0,0,0,1,1880,0,0.2235793956810166,-1.3574774869551658,1.6687275301316578,-0.424392055956679,-0.1150615944646196,-0.0020237122762819,0.80131274714538,388.0,0.2100893448798253,3
0,0,1,1,2,546,0,-1.498730781574661,1.4997824239227164,-1.021654596720282,1.1733192135272892,-0.1745885972048442,0.3607488942403447,-3.61091791264422,406.0,0.08404341967128179,0
0,1,1,0,0,2135,0,0.6429244823171816,0.6068887017733783,-0.7694312723279125,0.1081783672046436,-0.3511185744020368,1.636867029397878,2.48361582735499,409.0,0.14178643912785435,1
0,1,1,0,0,2000,0,1.5415210965375352,-0.9110306258804968,1.3324297642751657,-0.1581068443760176,2.143860735512752,-0.2148303206279355,1.07346810686708,385.0,0.1929786872818134,2
0,0,0,0,0,1879,0,0.583018041369158,0.6068887017733783,-0.8535057137920357,-0.424392055956679,-1.4560064712771823,-0.3840423709826324,1.78379129957888,411.0,0.1094840768849968,0
1,0,1,0,1,681,0,-1.498730781574661,0.0711524684837753,-0.0127612991508044,-0.424392055956679,-1.7467017723660416,-2.457484577872288,-0.114410351177744,405.0,0.2117298704854463,3
0,0,0,0,0,2353,0,0.0438600728369458,-0.5538731370207614,0.4076109081698111,-0.6906772675373404,0.3940709174154633,0.0052811011785314,1.49350501606588,389.0,0.2050898761427811,3
0,0,0,0,2,473,0,-0.4279031496287398,0.0711524684837753,-0.43313350647142,-0.424392055956679,0.4408636340064498,-0.7962848379341867,-1.20397280432594,394.0,0.22501116231507007,4
0,0,0,0,0,2894,0,0.7477607539762229,0.3390205851285768,-0.1809101820790507,0.374463578785305,-0.5761187654793064,-0.9754971399866555,2.02337347402375,397.0,0.15498322721279645,1
0,1,0,0,0,2049,0,0.4257636338805962,-0.2860050203759599,0.0713131423133186,-0.424392055956679,-0.9376541842423348,-0.3803092889347197,1.31218638896617,410.0,0.21100203230773584,3
0,0,1,0,0,1640,0,0.1861378700885018,-0.1074262759460922,0.0713131423133186,-0.424392055956679,-0.5454596642478527,-0.4611749310462654,1.9551368088124,403.0,0.10283725009152801,0
1,0,0,0,1,488,0,-1.6110553583522054,0.6961780739883121,-1.1898034796485282,0.374463578785305,-0.4678025792315307,-0.2435444531545787,-0.146603474191875,405.0,0.22388723460142443,4
0,1,0,0,0,1746,0,-0.3080902677326926,1.5890717961376504,-1.1898034796485282,2.7710304830112573,-1.536668684233789,-0.8823894063559508,2.0977674889845,418.0,0.14025313101156453,1
0,0,1,0,2,2336,0,2.133097200899268,-1.0003199980954305,0.9120575569545498,-0.424392055956679,1.3407909250571386,0.7239630048348671,-1.87564095320876,388.0,0.16978803357766906,2
0,0,0,0,0,2237,0,-0.0609761988220953,0.6068887017733783,-0.5172079479355431,0.1081783672046436,-1.361985689392018,-0.1158142545502154,1.52377536732271,407.0,0.17892904475440108,2
0,0,0,0,0,1829,0,-0.2631604370216749,1.0533355628480474,-1.2738779211126512,0.6407487903659664,-1.2722924048677786,-0.4347612112796233,-3.11104312006499,403.0,0.04459540276614584,0
0,1,1,0,2,895,1,-1.124315525649514,-1.714634975814901,1.1642808813469192,-0.6906772675373404,2.089579386098759,-0.5918830263580035,-0.659245628884264,377.0,0.1868820559291855,2
0,0,1,0,2,1349,0,-0.1733007755996396,-0.1074262759460922,-0.5172079479355431,-0.6906772675373404,0.6083794535578062,-0.0548097501578872,-1.99868018503538,389.0,0.1479183753086134,1
0,1,0,0,0,2896,0,1.5265444863005293,-0.0181369037311584,0.0713131423133186,0.1081783672046436,-1.0939768961740168,-0.7730293800186749,-1.19120507549593,401.0,0.12561597053806886,1
0,1,1,0,0,2502,0,1.7287287245001088,-0.732451881450629,0.8279831154904267,-0.424392055956679,0.4003113830595409,0.1857506731290094,1.09002854497672,392.0,0.21331306827567717,3
0,1,1,0,1,1881,0,1.1745941457308908,-1.0896093703103642,1.4165042057392885,-0.424392055956679,1.3494414524949625,-0.5777059247844375,0.551607008324617,392.0,0.21869144638826266,3
0,1,1,0,0,2477,0,0.2310677007995195,0.5175993295584445,-0.6853568308637894,-0.1581068443760176,-1.633526836043584,-1.2679193624038956,1.99834884265976,406.0,0.18490238989627425,2
0,0,0,0,0,1785,0,0.6953426181467023,-0.1074262759460922,-0.2649846235431738,-0.424392055956679,0.1086248693229455,0.2753906338834913,-5.10594547390058,396.0,0.004423493391544876,0
0,0,1,0,2,1868,0,0.1936261752070048,-0.2860050203759599,0.2394620252415648,-0.424392055956679,-0.3663552650109168,0.5745977186880896,1.52622160641302,393.0,0.14059367127165767,1
0,1,0,0,0,2857,0,2.020772624121724,-0.0181369037311584,-0.1809101820790507,-0.1581068443760176,-1.261216605845311,-0.7958729782390105,0.53074426707251,413.0,0.22521928831119561,4
0,0,1,0,2,1468,0,0.2610209212735313,-0.9110306258804968,0.9120575569545498,-0.6906772675373404,0.5897061479432905,-0.7625252156080161,0.943848675937813,391.0,0.14887920987139186,1
0,0,1,1,2,1340,0,0.0738132933109576,0.3390205851285768,-0.7694312723279125,-0.1581068443760176,-0.7669527082151866,0.059057403783319,-2.87033100701272,405.0,0.11634228199134285,1
0,0,1,0,0,1778,0,-0.2332072165476632,0.8747568184181798,-0.8535057137920357,0.1081783672046436,0.2657738050182421,0.1388407468299001,-5.32787616878958,403.0,0.0022239234714486657,0
0,0,1,1,2,1687,0,-1.2066868819530463,-1.5360562313850334,1.5846530886675347,-0.6906772675373404,0.0361519161688607,0.7640645522516956,0.243977638217052,407.0,0.22327277311450872,4
0,1,1,0,0,2193,0,1.1071993996643643,-0.732451881450629,0.8279831154904267,-0.6906772675373404,0.1013156164999061,0.37904112185862,-0.200670695462151,394.0,0.20687164263148283,3
0,0,1,0,0,2598,0,1.6912871989075942,1.4104930517077827,-1.3579523625767744,0.1081783672046436,0.239037919884552,0.6173547919271759,-0.464403786914741,393.0,0.22392799398284452,4
1,0,1,0,0,231,0,-1.6035670532337023,-1.9825030924597025,2.0050252959881503,-0.6906772675373404,-0.1390037566211638,-1.1819204918483874,0.502091943797236,375.0,0.19466432609044773,2
1,0,1,0,2,219,0,-1.670961799300229,-1.714634975814901,0.996131998418673,-0.6906772675373404,-0.2831711073420449,-1.4110172378922552,-0.847297860387204,380.0,0.22270589859410142,4
0,0,1,0,0,2077,0,0.3359039724585608,-0.0181369037311584,-0.5172079479355431,-0.1581068443760176,0.1332905183535963,0.2694917004015616,-0.333639373536909,390.0,0.206521740905703,3
0,0,0,0,0,2308,0,-0.3605084035622132,0.4283099573435107,-0.3490590650072969,0.374463578785305,-1.6742121030538732,-1.6631124896378784,-0.775838896405059,399.0,0.18081725964092207,2
0,0,1,0,0,2234,0,1.6463573681965766,-0.4645837648058275,0.1553875837774417,-0.424392055956679,0.3925340476874122,1.0011174172375834,2.2822484062645,392.0,0.09297626369508367,0
0,0,1,0,0,1464,0,0.2685092263920343,-0.9110306258804968,0.7439086740263036,-0.6906772675373404,1.3825617332790914,0.3378943674783569,0.139921190723294,384.0,0.22339814752111967,4
0,1,1,0,1,1203,0,-1.0644090847014902,1.9462292849973857,-1.3579523625767744,2.7710304830112573,-0.9933771435827372,1.1348771207552804,1.36501696267261,424.0,0.1939681055924711,2
0,0,0,1,2,1490,0,-0.1658124704811366,2.4819655182869886,-1.4420268040408974,4.901312175656549,-2.2013590163135808,-2.3036749487074384,-2.7315806985124,426.0,0.17352355815073636,2
0,0,1,1,2,392,0,-1.663473494181726,-0.3752943925908937,-0.0968357406149276,-0.6906772675373404,0.4974883071403935,0.4656831192658151,-0.0689928714869514,398.0,0.21629944783851818,3
0,0,1,0,1,1702,0,0.5006466850656256,0.3390205851285768,-0.3490590650072969,-0.424392055956679,0.2814702322028503,1.582051511239812,-0.563736106908443,396.0,0.22005660303328822,4
0,0,1,1,2,502,0,-1.3264997638490934,0.9640461906331136,-0.7694312723279125,1.7058896366886118,-0.479274933935561,0.1512387853107198,-3.40119738166216,412.0,0.0926144293427824,0
0,1,0,0,1,1802,0,0.7552490590947258,-1.0896093703103642,0.996131998418673,-0.6906772675373404,0.0167075673124861,-0.2772751522598508,0.709288396739331,392.0,0.2215701128563687,4
0,0,1,0,0,163,0,-1.5062190866931642,-1.0896093703103642,1.6687275301316578,-0.6906772675373404,0.6427384299069644,-1.2523504107086056,1.74919985480926,380.0,0.07511454733744208,0
1,0,1,0,2,356,0,-1.4837541713376554,-3.232554303468776,4.106886332591229,-0.6906772675373404,0.6409889604705015,-1.1699770078968543,0.667171694156685,375.0,0.16231957767086225,2
0,0,1,0,1,2244,0,2.03574923435873,-0.1074262759460922,-0.0968357406149276,-0.424392055956679,0.6110252546518499,1.1607821759471448,-0.890113764585712,394.0,0.21591965824548587,3
0,0,1,0,0,1565,0,0.0513483779554488,-0.1074262759460922,-0.1809101820790507,-0.424392055956679,-1.1869250146008496,-0.3864249340469031,0.945371941174997,402.0,0.18365558265469006,2
0,0,1,0,0,1111,0,0.0663249881924547,-0.6431625092356952,0.5757597910980573,-0.6906772675373404,0.9943734159691684,0.3714892366757654,-0.600056757493933,389.0,0.22431285135523304,4
1,0,0,0,0,746,0,-1.1617570512420283,-0.196715648161026,-0.7694312723279125,-0.6906772675373404,-1.2311435368728951,-2.1063909777870693,-1.11088238125992,407.0,0.20573830604389906,3
0,0,1,0,0,1530,0,-0.0984177244146101,0.249731212913643,-0.5172079479355431,-0.1581068443760176,-0.7225183905766338,0.0033258756661943,0.466089729924599,404.0,0.21337018682750836,3
0,1,0,1,2,1988,0,0.0288834625999399,-0.1074262759460922,-0.0968357406149276,-0.1581068443760176,-0.0540574796010595,1.1161908603190895,2.39789527279837,399.0,0.1322989596360676,1
0,0,1,0,0,2253,0,0.2685092263920343,-0.4645837648058275,0.1553875837774417,-0.1581068443760176,-0.7029974190705288,0.4633476990017892,0.268263986594679,386.0,0.2213517127547578,4
0,1,0,0,0,2606,0,0.2685092263920343,1.1426249350629811,-0.9375801552561588,1.7058896366886118,-0.7593727440301364,-0.2338131876932498,2.99756210023107,416.0,0.12532593806219638,1
1,0,1,0,0,210,0,-1.498730781574661,-0.0181369037311584,-0.0127612991508044,0.1081783672046436,-0.7519526356751155,-0.8984618060653006,-0.566395474920801,396.0,0.22295472430223934,4
0,1,1,0,0,1808,0,-0.0984177244146101,-1.8039243480298348,2.341323061844643,-0.6906772675373404,0.0707283339450958,-0.7191052039990082,1.78203976654007,374.0,0.18827023960424433,2
0,1,1,0,0,2219,0,0.6429244823171816,0.6961780739883121,-0.6853568308637894,-0.424392055956679,0.4307129087741465,0.7294137064524053,1.19589069629748,401.0,0.21470269677042783,3
0,1,1,0,0,1577,0,-0.5926458622358046,-0.8217412536655628,0.4076109081698111,-0.6906772675373404,-0.5016351701177684,0.6566065642913209,-0.508718141426426,393.0,0.150191244065383,1
0,0,0,0,0,1377,1,-1.116827220531011,1.231914307277915,-1.5261012455050205,-0.424392055956679,-1.067081982915955,-0.8169442755133021,0.232193386834128,395.0,0.21902627186677406,4
0,0,1,0,2,291,0,-1.4912424764561585,-1.8932137202447687,2.089099737452273,-0.6906772675373404,1.376616969022466,0.3551853712640306,1.01637419043114,371.0,0.15325730363836226,1
0,1,1,0,0,2164,0,0.590506346487661,-0.4645837648058275,0.4076109081698111,-0.424392055956679,0.2163924389032693,-0.3999203282046562,-0.326396584632471,397.0,0.18932880418593986,2
0,0,1,0,1,1333,0,0.2909741417475431,0.6068887017733783,-0.6853568308637894,0.1081783672046436,0.0473214585490857,1.0301417578579577,0.0631789016215317,387.0,0.21482632652304223,3
0,0,0,0,1,389,0,-1.3190114587305906,0.5175993295584445,-0.43313350647142,0.1081783672046436,-1.1558382893564454,-0.5217313676337906,-4.11087386417331,391.0,0.04012447885326514,0
0,1,1,0,0,1398,0,-0.3829733189177221,-1.0896093703103642,1.1642808813469192,-0.6906772675373404,-0.0132273812447973,-0.7479123967706323,-0.0272496424473755,394.0,0.21547150188589484,3
0,0,1,0,0,2998,0,0.440740244117602,-0.6431625092356952,0.1553875837774417,-0.6906772675373404,-0.8124628885282187,-1.1361113746829776,1.38460374364198,400.0,0.2217627228205564,4
0,1,1,1,2,1069,0,0.013906852362934,0.7854674462032459,-0.5172079479355431,1.1733192135272892,-0.8013395010735892,-0.8955450188402158,-0.452583031085234,406.0,0.21963107689104103,4
0,1,1,0,0,2376,0,0.7028309232652052,-0.2860050203759599,0.1553875837774417,-0.1581068443760176,0.5378742770091758,-0.3354813606905549,0.158886964246211,406.0,0.20625591888443848,3
0,0,1,0,2,1965,0,0.8226438051612524,0.7854674462032459,-0.8535057137920357,-0.1581068443760176,-0.2875663914579754,0.4249224093922352,1.03516187209592,404.0,0.14379763176346366,1
1,0,0,0,2,967,0,-0.2406955216661661,0.7854674462032459,-0.8535057137920357,0.374463578785305,-1.0023059728829091,-0.0536552575370044,-0.595622160426068,401.0,0.21512083209708024,3
0,0,0,0,0,1272,1,-1.2890582382565787,0.9640461906331136,-0.9375801552561588,0.6407487903659664,-1.6832683408379072,-0.9903853185539192,1.97621549855064,410.0,0.1045070602539085,0
0,0,0,0,2,1646,0,-0.824783320909396,1.4104930517077827,-1.1898034796485282,0.6407487903659664,-0.8865880745943034,-1.0054907083825466,1.1397491942286,422.0,0.1525980104237268,1
0,0,1,1,2,1906,0,-0.2332072165476632,-1.9825030924597025,2.089099737452273,-0.424392055956679,0.0947733366908312,0.2221369333762384,-1.99567165861438,381.0,0.10553014945571067,0
0,0,1,0,2,1612,0,0.7028309232652052,1.0533355628480474,-1.021654596720282,-0.1581068443760176,0.2624592493025842,0.3655845728129477,-0.12879510820557,393.0,0.2000545081761761,3
0,0,1,0,0,2139,0,0.7852022795687377,-0.3752943925908937,-0.0968357406149276,-0.424392055956679,-1.2017577473490242,-0.8809692644461461,1.40296745486084,390.0,0.16637227281451164,2
0,1,1,0,2,3361,0,0.5680414311321521,0.0711524684837753,-0.3490590650072969,-0.424392055956679,-0.4424484291313226,0.5037773606031114,-0.553246339649943,397.0,0.10580977568200399,0
0,0,1,0,0,2079,0,-0.2931136574956867,-0.6431625092356952,0.7439086740263036,-0.6906772675373404,-1.0462194979463066,-0.079581158247489,-0.596919148465392,397.0,0.18696427992424397,2
0,0,0,1,2,359,0,-1.1318038307680167,-0.4645837648058275,-0.3490590650072969,-0.6906772675373404,-0.2774624880120253,0.3696012840952581,1.43729691557226,411.0,0.10133531850066899,0
1,0,0,0,0,850,0,-0.248183826784669,1.3212036794928488,-1.1898034796485282,1.1733192135272892,-0.7022636388647935,1.817906105753711,-3.93182563272433,416.0,0.04504091244799788,0
0,1,1,0,0,2116,0,1.2644538071529263,-0.2860050203759599,0.323536466705688,-0.1581068443760176,0.4703050757672277,0.8535968665986909,-0.0874593053285861,393.0,0.2157981349201532,3
0,1,1,0,0,3361,1,2.11063228554376,-0.9110306258804968,0.7439086740263036,-0.424392055956679,1.4207086043665202,-0.33394805620243,-0.147110650750904,387.0,0.17609148877278838,2
0,0,0,1,2,1853,0,0.2310677007995195,0.6068887017733783,-0.7694312723279125,0.1081783672046436,-0.8140844778788083,-0.814326740128603,1.53107290111829,404.0,0.10414125875158457,0
0,0,1,0,0,1820,0,0.7028309232652052,-0.1074262759460922,-0.0127612991508044,-0.424392055956679,0.3773322802480919,0.924395588662861,1.45064404267612,388.0,0.1527274284012978,1
0,0,1,0,0,1617,0,-0.0310229783480836,-0.3752943925908937,0.2394620252415648,-0.1581068443760176,-0.3570879939125966,-0.0278386997315259,-0.918438960412445,387.0,0.19594302270519626,2
0,1,1,0,0,2230,1,1.6912871989075942,-0.6431625092356952,0.9120575569545498,-0.424392055956679,1.1546871121305688,0.1411197462562193,0.471622189081146,390.0,0.21931728533001987,4
0,1,1,0,0,2349,0,1.5564977067745411,-0.0181369037311584,-0.0127612991508044,-0.1581068443760176,0.0781183070934634,0.9990461141544402,1.20509576907056,394.0,0.2068099278413788,3
0,0,0,0,2,1060,0,-0.4952978956952663,0.1604418406987092,-0.0968357406149276,-0.424392055956679,0.3716269560431885,0.4458276405682739,-5.14166355650266,394.0,0.009814527334803412,0
1,0,1,0,0,1164,0,-0.3679967086807162,0.249731212913643,-0.6012823893996663,-0.424392055956679,0.8625077360948908,-1.0511496033041288,1.19649812990923,404.0,0.14672156400843528,1
0,0,0,1,2,547,0,-0.959572813042449,0.249731212913643,-0.3490590650072969,-0.6906772675373404,-1.31174869206198,-0.7816063515057284,0.47343809169437,408.0,0.134159381033767,1
0,0,0,0,0,1328,0,0.2535326161550283,-0.3752943925908937,0.5757597910980573,-0.424392055956679,0.7727211246859051,0.0571440194248252,-5.6021188208797,389.0,0.003559599287446713,0
0,1,1,0,0,3107,1,2.2379334725583098,-0.4645837648058275,0.6598342325621804,-0.1581068443760176,1.028454462034463,1.673148012251675,0.681890026035311,399.0,0.2246015444480105,4
0,1,0,0,2,2401,0,1.0622695689533466,1.0533355628480474,-0.7694312723279125,1.1733192135272892,-1.586829537278889,-1.0939078095279844,-0.166095081952411,416.0,0.22521454485552214,4
0,0,1,0,0,1277,0,-0.1957656909551484,-0.9110306258804968,0.9120575569545498,-0.6906772675373404,0.7197459458012906,0.4139496893869426,1.5067069013153,384.0,0.14888148914096094,1
0,1,0,0,0,2825,0,-0.0010697578740718,0.5175993295584445,-0.7694312723279125,-0.1581068443760176,-1.2255556877446805,-1.1015486662511311,0.667504749946608,412.0,0.20553095993507978,3
0,0,0,0,2,1710,0,0.3508805826955667,0.8747568184181798,-0.8535057137920357,-0.1581068443760176,-0.6247368305884498,-1.0598343385856712,0.44007063728564,400.0,0.16963798129611127,2
0,0,0,0,0,2108,0,1.1071993996643643,-0.732451881450629,0.4076109081698111,-0.6906772675373404,0.1694567153985411,0.8816937023499957,-1.5712166996139,403.0,0.1434608091863921,1
0,0,1,0,1,2579,0,1.6463573681965766,-0.2860050203759599,-0.0968357406149276,-0.6906772675373404,-0.159972458534704,-0.4009527943564401,-0.161104047275758,401.0,0.22440561677033827,4
0,1,1,0,1,2272,0,-0.255672131903172,-1.0003199980954305,0.996131998418673,-0.6906772675373404,-0.6490377370178538,-1.1749962149729658,1.5794356621303,391.0,0.21997679928724798,4
0,0,0,0,0,2247,0,-0.4279031496287398,0.3390205851285768,-0.5172079479355431,-0.424392055956679,-1.6805091195320296,-1.029594562572431,1.77777322725332,404.0,0.17375972846164786,2
0,1,1,0,1,1679,0,-0.4653446752212545,0.0711524684837753,-0.2649846235431738,-0.1581068443760176,1.1584059668562778,0.7794143992088082,0.710144756928516,408.0,0.222657641642269,4
0,1,1,0,0,2228,0,-0.1358592500071248,-0.6431625092356952,0.5757597910980573,-0.424392055956679,-0.4872432674606672,-0.0769659649066812,1.27022218986714,397.0,0.2252789687100957,4
0,1,0,0,0,1488,0,-1.0569207795829874,0.8747568184181798,-1.2738779211126512,0.1081783672046436,-1.540382847038874,-0.477274202391639,0.63414883979799,418.0,0.22452333889432377,4
0,1,0,0,0,525,0,-1.0644090847014902,1.3212036794928488,-1.2738779211126512,-0.1581068443760176,-0.8384593831340553,0.4111173222525692,1.16970821035184,421.0,0.1613408315151853,2
0,0,0,0,0,1600,0,0.732784143739217,0.9640461906331136,-1.021654596720282,-0.1581068443760176,-1.2169264032668967,-0.6568132764352169,0.675074399500251,406.0,0.15626758583956898,1
0,0,1,0,2,1232,0,-0.113394334651616,-0.5538731370207614,0.5757597910980573,-0.6906772675373404,0.1530143414186941,-0.0923761683696426,0.663430708231468,386.0,0.1672912720625042,2
0,1,1,0,0,2034,0,-0.6001341673543076,-0.5538731370207614,0.4076109081698111,-0.6906772675373404,0.4102519317390911,1.9850404886927568,0.290861725369161,392.0,0.1714268390852835,2
0,1,1,0,0,1521,0,-1.1542687461235257,-0.9110306258804968,0.5757597910980573,-0.6906772675373404,-0.7020198048817317,-0.3480375927448831,0.785166079280198,406.0,0.21965973665751728,4
0,0,1,0,1,1237,0,-0.6450639980653252,-0.1074262759460922,0.0713131423133186,-0.424392055956679,-0.5743441511280835,0.3215333783398456,1.73030669001439,401.0,0.13131229441221054,1
0,0,1,1,2,638,0,-1.0045026437534668,0.1604418406987092,-0.5172079479355431,-0.6906772675373404,-0.0273409809964991,0.364884233157603,-4.63472898822964,390.0,0.024029779891009753,0
0,0,1,0,1,1255,0,-0.105906029533113,-1.268188114740232,1.1642808813469192,-0.6906772675373404,0.9490899341730143,0.542547289788172,1.30578442921695,387.0,0.1679376104209991,2
0,0,1,0,0,1578,0,-0.3305551830882015,-0.732451881450629,0.5757597910980573,-0.6906772675373404,0.1100190930870334,-0.8806782763488696,0.595242965578574,387.0,0.21612510769468876,3
0,0,0,0,0,68,0,-1.7009150197742409,-1.8039243480298348,1.5005786472034115,-0.6906772675373404,0.8157950799517846,0.4312929110641914,-0.22314355131421,381.0,0.22514188024260398,4
0,0,0,0,0,3016,0,0.9873865177683172,0.6068887017733783,-0.7694312723279125,0.1081783672046436,-1.0398754093891784,-0.4601158808357489,-0.105661675124039,401.0,0.20964527682453923,3
0,0,0,0,2,1282,0,-0.68250552365784,-0.3752943925908937,-0.0968357406149276,-0.424392055956679,-0.7303199948725488,-1.4359719972811258,-2.27555642060613,405.0,0.127377607083296,1
0,1,1,1,2,598,0,-1.378917899678614,0.8747568184181798,-1.1898034796485282,0.374463578785305,-0.1720357716847143,1.1559026490917466,-3.97029191355212,407.0,0.021014557936439592,0
0,0,1,0,0,112,0,-1.663473494181726,0.4283099573435107,-0.6012823893996663,-0.6906772675373404,1.5538338315207785,0.1733663495520058,0.8754687373539,380.0,0.15741840314933248,1
0,0,1,0,1,818,0,-0.689993828776343,-0.6431625092356952,0.5757597910980573,-0.6906772675373404,0.1482002736667482,-0.0560558584629922,1.54829591542289,404.0,0.12201010725346088,1
0,0,0,0,2,619,0,-0.952084507923946,0.5175993295584445,-0.8535057137920357,-0.424392055956679,0.011136676581432,-0.2889569421278356,2.51989347093153,402.0,0.03403009171990129,0
0,0,1,1,2,2627,0,0.163672954732993,-1.268188114740232,1.3324297642751657,-0.6906772675373404,-0.3047360540324064,0.7454259281963518,1.71278868790863,398.0,0.18266558284185624,2
0,1,1,0,0,2989,0,0.3508805826955667,-0.196715648161026,0.0713131423133186,-0.424392055956679,0.0843348698946323,0.4013323549728432,1.26277306209047,389.0,0.2178180903757902,3
0,1,1,0,2,1810,0,0.6204595669616728,0.5175993295584445,-0.5172079479355431,0.6407487903659664,0.1004635433807571,-0.0517660134209528,0.401289736697684,403.0,0.21797574283157523,3
0,0,0,0,2,1866,1,0.5231116004211345,1.4997824239227164,-1.2738779211126512,0.6407487903659664,-0.842353577553427,0.41994008777791,0.0383433551976474,419.0,0.19421997708713537,2
0,0,1,1,2,393,0,-1.109338915412508,0.4283099573435107,-0.8535057137920357,-0.6906772675373404,0.5036964939207927,2.7075221623127,-3.79548918917219,384.0,0.051813112057878856,0
0,0,1,0,2,2802,0,0.5605531260136493,-1.178898742525298,0.8279831154904267,-0.6906772675373404,-0.279592451477505,-0.3075688069007684,-0.0835209720498613,383.0,0.2059003541738164,3
0,0,0,0,0,2022,0,-0.6300873878283194,1.1426249350629811,-1.105729038184405,0.1081783672046436,-1.967108945983696,-1.8260109625854808,1.25182882550357,397.0,0.18110187875094202,2
1,0,0,0,2,2488,0,-0.8846897618574195,2.1248080294272533,-1.5261012455050205,1.9721748482692731,-1.2761553823586127,0.0163988236928193,2.22485064361115,418.0,0.12644425640693457,1
0,0,0,1,2,1230,0,-0.2706487421401779,-0.196715648161026,0.2394620252415648,-0.424392055956679,-0.8158708206698845,-0.1683828495117828,1.61835327609205,400.0,0.08334866849321983,0
0,0,0,0,2,745,0,-0.7948301004353842,0.6068887017733783,-0.6853568308637894,0.1081783672046436,0.0757185150028529,0.7505448304231667,-1.50790149321468,407.0,0.20853110216107962,3
0,1,1,0,2,1646,1,-0.824783320909396,1.0533355628480474,-1.105729038184405,0.1081783672046436,-0.2373701142492062,0.0884772754795844,-0.892943367877164,401.0,0.1797259041343927,2
0,0,1,1,2,1324,0,0.448228549236105,-0.1074262759460922,-0.0127612991508044,0.1081783672046436,0.1648851378422582,0.8312998644667713,-1.70474809223843,391.0,0.20380389755688091,3
0,1,0,0,0,2155,0,0.9274800768202937,-0.5538731370207614,0.5757597910980573,-0.424392055956679,0.4157762925937532,0.1859814120036896,2.08943301153484,383.0,0.15836734006987402,1
0,1,0,0,0,2403,0,0.5455765157766433,0.6961780739883121,-0.8535057137920357,-0.1581068443760176,-1.0027313575625734,-0.9724229363133224,-0.577516998264663,405.0,0.17560698657994298,2
0,0,0,0,0,1461,0,0.2834858366290401,0.4283099573435107,-0.3490590650072969,0.1081783672046436,-0.5040516109785074,0.7021775900404382,1.52526547704023,407.0,0.12230507592733127,1
0,1,0,0,0,2120,0,-0.3080902677326926,-0.0181369037311584,0.0713131423133186,-0.424392055956679,-1.3169828341166694,-1.036714768848185,0.493326463899499,407.0,0.2199727341822302,4
0,0,0,0,0,2704,0,1.6613339784335823,1.678361168352584,-1.2738779211126512,1.1733192135272892,-1.447405309784272,-0.3265126235088902,1.34742217110336,412.0,0.13547239730675223,1
0,0,1,0,0,1261,0,-0.824783320909396,2.0355186572123194,-1.5261012455050205,1.7058896366886118,-0.8125844349273709,0.2426785732985774,-4.84418708645859,420.0,0.010082481860829901,0
0,0,1,1,2,477,0,-1.4687775611006495,-1.0003199980954305,0.9120575569545498,-0.6906772675373404,1.3691108818391111,-1.1533963473670712,-3.71357206670431,375.0,0.05779172593415752,0
0,0,1,0,2,1031,0,-0.1358592500071248,0.6068887017733783,-0.1809101820790507,0.1081783672046436,-0.9754131817584936,0.0829211026667426,-5.3890717298165,404.0,0.014240416565452935,0
0,0,1,0,0,3473,0,0.7702256693317318,-0.0181369037311584,-0.0127612991508044,-0.424392055956679,-0.6411470467355346,-1.147151300905804,1.44968332471048,387.0,0.22052976836675792,4
0,1,0,1,2,2328,0,2.0881673701882506,0.5175993295584445,-0.3490590650072969,0.6407487903659664,0.3323325896383271,0.8192759128715243,1.65341770655064,399.0,0.11171913915833948,0
0,0,0,0,0,3121,0,2.642301948957469,0.249731212913643,-0.0127612991508044,0.6407487903659664,-1.0601483108626562,0.1650304980606466,0.104512698735487,403.0,0.22227085664799978,4
0,1,1,0,0,2086,1,0.5755297362506551,-0.0181369037311584,0.1553875837774417,0.1081783672046436,1.789802074009557,0.289115942928613,-0.200316901013034,403.0,0.20559216504051336,3
0,0,1,1,2,386,0,-1.4687775611006495,1.1426249350629811,-1.2738779211126512,0.1081783672046436,0.1273524626959605,-0.337052051450868,1.52286989612564,398.0,0.07075609601223976,0
0,0,1,0,0,2405,0,0.4706934645916138,-1.0003199980954305,0.8279831154904267,-0.6906772675373404,-0.3929448730459149,-0.6197176098586462,-0.0618754037180875,387.0,0.21363507673925655,3
0,1,1,0,0,988,0,-0.3679967086807162,-1.0003199980954305,0.9120575569545498,-0.424392055956679,1.2554303615932867,-0.9663140117208688,0.747494317857241,387.0,0.21471283136848296,3
0,1,0,0,0,2146,0,0.6429244823171816,-0.3752943925908937,0.323536466705688,-0.6906772675373404,-0.7550352180910119,-1.252256815324389,-0.760372486407732,403.0,0.17703608043437638,2
0,0,0,0,2,592,0,-1.0419441693459814,1.1426249350629811,-1.021654596720282,0.9070340019466278,0.383104598223175,1.1372216442840175,-2.28238238567653,401.0,0.16358537421611932,2
0,0,0,0,2,1716,1,1.316871942982447,-0.4645837648058275,0.4076109081698111,-0.424392055956679,0.2470917637118107,-0.2443263773350951,0.666151676217934,385.0,0.13366026768443334,1
0,1,0,0,0,3207,0,0.4182753287620932,0.3390205851285768,-0.1809101820790507,0.9070340019466278,-0.887974773387056,-0.9465887952791748,1.02055850053074,403.0,0.21418614963926674,3
0,0,0,0,0,2139,0,0.8451087205167612,-0.0181369037311584,0.1553875837774417,0.1081783672046436,-0.629732682681613,0.7567699446470276,0.984750127754963,398.0,0.19223267426144677,2
0,0,0,0,0,2002,0,0.4032987185250873,0.3390205851285768,-0.43313350647142,-0.424392055956679,-1.0446379494759168,-0.3478978202173786,-1.15153469012245,403.0,0.1891688607411712,2
0,1,1,0,0,146,0,-1.6260319685892113,0.4283099573435107,-1.1898034796485282,-0.6906772675373404,1.510048939701562,-0.2150545636293601,-0.693147180559945,405.0,0.20243653477313525,3
0,0,0,0,2,1094,0,-0.0534878937035924,0.8747568184181798,-0.8535057137920357,1.1733192135272892,-0.6572966344497521,-0.5421951763105054,-5.4380793089232,408.0,0.010871213377060797,0
0,0,0,0,2,1510,0,0.6354361771986787,-0.0181369037311584,-0.3490590650072969,-0.1581068443760176,0.4285426364271449,0.0142376179594547,1.57596462628959,389.0,0.09682625172615698,0
