Charter,Magnet.,Title.I.School.,locationRural,locationSize,Students.,SeniorHigh,numOfStud2014,meanScale2012,lev1Perc2012,lev5Perc2012,perc.free.lunch,perc.reduced.lunch,logLoginsPerExaminee,meanScale2014
0,0,0,0,1,1650,0,0.7103192283837082,1.3212036794928488,-1.1898034796485282,0.9070340019466278,-1.100755243076389,-0.3542211293617711,0.524585936606208,407.0
0,1,1,0,0,638,0,-1.2141751870715491,0.33902058512857686,-0.8535057137920357,-0.42439205595667906,1.161867579406168,-1.020642274075252,1.08518926833597,392.0
1,0,1,0,0,401,0,-1.416359425271129,-0.5538731370207614,0.49168534963393423,-0.6906772675373404,-0.886782354283185,-2.2125508256931368,0.810930216216329,386.0
0,0,1,0,1,293,0,-1.6335202737077144,-1.5360562313850334,1.6687275301316578,0.10817836720464369,1.8978700893895457,0.44772509245745723,1.6902900090632,383.0
0,0,0,1,2,1684,1,0.32841566734005784,1.231914307277915,-0.8535057137920357,1.4396044251079505,-1.9774246013021728,-1.4659683138548978,-3.15344801954575,405.0
0,0,1,0,0,2477,0,0.313439057103052,-0.9110306258804967,0.9120575569545498,0.10817836720464369,-0.12357743372299494,0.5560806346476382,-0.322944084420161,386.0
0,0,1,1,2,604,0,-1.536172307167176,-0.4645837648058275,0.07131314231331863,-0.6906772675373404,0.5311577692718892,0.19853269396445059,1.37845118365886,414.0
0,0,1,0,0,2045,1,1.3992432992859793,-0.8217412536655628,0.6598342325621804,-0.42439205595667906,1.0639674456378343,1.78503949308415,-0.508469910073532,396.0
0,1,1,0,1,1041,0,0.24604431103652544,-0.10742627594609225,0.15538758377744175,-0.15810684437601769,-0.0755458334131407,-0.3188827352782646,-4.90527477843843,399.0
0,0,1,0,0,1269,0,-0.15083586024413076,-0.4645837648058275,0.323536466705688,-0.42439205595667906,0.7478705793774186,0.7158454611958353,0.323885121115742,386.0
0,1,1,0,0,826,0,-0.9296195925684373,-0.4645837648058275,0.15538758377744175,-0.42439205595667906,1.5012764544192907,-1.5062164459222624,1.91117997045418,392.0
0,1,0,0,0,2910,0,1.1970590610863998,-1.0003199980954305,1.080206439882796,-0.6906772675373404,0.11888545275322068,-0.02733774181851009,2.77996072645227,391.0
0,0,1,0,0,1702,0,0.3658571929325726,-1.8039243480298348,1.836876413059904,-0.6906772675373404,0.7774773312364199,1.485872080546688,-0.435635985741528,385.0
0,0,0,0,2,1127,0,-0.6001341673543076,0.7854674462032459,-0.34905906500729694,-0.15810684437601769,-0.6800480501913497,-0.9759287760929776,-3.66995144422842,399.0
0,0,0,1,2,2078,0,-0.4578563701027516,-0.732451881450629,0.6598342325621804,-0.6906772675373404,-1.3875418986249775,-1.1340408004576945,2.08581324465253,387.0
0,1,1,0,2,2092,0,1.0772461791903525,-0.9110306258804967,1.080206439882796,-0.6906772675373404,0.3372870874187775,-0.34475534361186133,-0.504720066203506,401.0
0,0,1,0,0,1030,0,-1.0194792539904727,-0.5538731370207614,0.4076109081698111,-0.42439205595667906,-0.26334513575000357,0.05360161477605502,1.93166489391926,412.0
0,1,1,0,0,604,0,-1.259105017782567,1.9462292849973857,-1.2738779211126512,1.1733192135272892,-0.30037865205620856,1.9330745857762106,0.309188277672745,427.0
0,0,0,0,1,1567,1,0.6279478720801758,-0.3752943925908937,0.07131314231331863,-0.6906772675373404,0.08676241368696973,-0.20103043207889332,-1.6605672589567,397.0
0,0,1,0,2,947,0,-0.29311365749568674,2.1248080294272533,-1.3579523625767744,3.0373156945919186,0.8045938622543912,0.5848322988957302,-1.65068087096815,398.0
0,0,1,0,2,1249,1,0.14120803937748416,0.4283099573435107,-0.8535057137920357,-0.42439205595667906,-0.5491610680789917,-0.12456739572075784,-5.54517744447956,398.0
0,0,1,1,2,1372,0,-1.4762658662191523,0.8747568184181798,-1.021654596720282,-0.15810684437601769,-0.29501423373115854,-0.4530267284061595,1.2947271675944,401.0
0,0,1,1,2,1115,1,-1.0644090847014902,-1.0896093703103642,0.9120575569545498,-0.6906772675373404,-0.8339868633498402,-0.607630652221484,0.266404674004496,388.0
0,1,1,0,0,1835,1,0.14120803937748416,-0.6431625092356952,0.9120575569545498,0.10817836720464369,0.3254647086583659,1.6817846015520534,0.653301272012746,412.0
0,0,0,0,0,1763,0,0.013906852362934074,0.6961780739883121,-0.34905906500729694,0.9070340019466278,-1.2450130986117118,-1.046140083372031,1.16210423723501,410.0
0,0,0,0,0,2030,1,1.0997110945458615,0.07115246848377539,-0.1809101820790507,-0.15810684437601769,-0.32643770141970285,0.15522255005252542,-0.814844115537465,391.0
0,0,1,0,2,1325,0,0.3658571929325726,1.231914307277915,-0.7694312723279125,1.7058896366886118,0.07826250891690611,0.9029448834716715,-0.424883193965266,393.0
0,0,0,0,0,1371,0,-0.3904616240362251,-0.2860050203759599,0.323536466705688,-0.15810684437601769,0.8016390671448062,0.31259527050249053,-2.91777073208428,402.0
0,0,1,0,1,1606,0,-0.824783320909396,0.7854674462032459,-1.021654596720282,-0.42439205595667906,-0.4827874391094224,0.07034562000155775,0.951870664306781,406.0
0,1,1,1,2,684,0,-1.2965465433750816,0.8747568184181798,-1.1898034796485282,-0.6906772675373404,-0.038874570320888174,2.8076361865635797,-3.46573590279973,408.0
0,1,0,1,2,1533,0,0.8226438051612524,1.231914307277915,-1.105729038184405,1.4396044251079505,0.16992628063787413,0.44699620248045624,0.783993653333517,389.0
1,0,0,0,0,98,0,-1.5062190866931642,0.6068887017733783,-0.1809101820790507,2.2384600598499347,-0.9336895000846446,-0.118950420161807,-3.58351893845611,405.0
0,0,1,1,2,519,0,-1.5811021378781935,0.4283099573435107,-1.5261012455050205,-0.6906772675373404,0.3018060272682247,2.6521449690327055,-0.424883193965266,386.0
0,1,1,0,1,2053,0,0.7852022795687377,0.5175993295584445,-0.6853568308637894,-0.42439205595667906,1.2612545204188015,-0.09730787315912712,0.835955583783269,388.0
0,0,0,0,0,2320,0,-0.397949929154728,-0.732451881450629,0.9120575569545498,-0.15810684437601769,-1.012416029710323,-0.6935040709786051,0.999672340813206,389.0
0,0,1,1,2,414,0,-1.3714295945601112,2.660544262716856,-1.3579523625767744,6.499023445140517,0.1109023901301211,0.705750031591166,0.354821375289409,417.0
0,1,0,0,0,1487,0,0.2685092263920343,-1.2681881147402319,1.1642808813469192,-0.6906772675373404,0.47597503776736677,-0.21173691330566638,3.22428242823344,383.0
0,1,0,0,2,3055,0,2.3053282186248363,1.4997824239227164,-0.8535057137920357,2.504745271430596,-1.2199652161559942,-0.7856814353388385,-0.314333789378806,418.0
0,1,1,0,2,979,0,-0.3904616240362251,0.7854674462032459,-1.021654596720282,0.37446357878530506,0.7160319915609487,0.3516228475286594,1.68339143250627,399.0
0,1,1,0,0,947,1,-0.547716031524787,-1.6253456035999672,1.752801971595781,-0.6906772675373404,2.350527848460726,-1.6623335759897382,0.0986306034416274,394.0
0,1,1,0,0,1888,0,-0.255672131903172,-1.1788987425252981,1.3324297642751655,-0.42439205595667906,1.4487190773178082,0.09161674446254801,-5.31320597904179,387.0
0,1,1,0,0,1585,0,-0.016046368111077715,-0.6431625092356952,0.7439086740263036,-0.6906772675373404,0.8236773136349257,-0.7637071563886064,0.566280459681155,401.0
0,0,0,0,0,1908,0,1.2120356713234055,0.8747568184181798,-0.7694312723279125,0.9070340019466278,-1.0783931921239307,0.5110320520935344,-5.29581423632992,401.0
0,0,1,0,2,799,0,-0.7648768799613724,0.6068887017733783,-0.8535057137920357,-0.15810684437601769,-0.09867798201979168,0.08300058970305298,0.0575698518214779,388.0
0,0,1,0,0,1957,0,0.05134837795544881,-1.0896093703103642,0.8279831154904267,-0.42439205595667906,-0.09871215263171146,1.1895293461606167,0.286656957036536,385.0
0,0,1,1,2,696,0,-1.1243155256495139,0.33902058512857686,-0.43313350647142007,-0.6906772675373404,0.21971291007307073,0.17672631242227704,-0.854990206010359,402.0
0,0,1,1,2,549,0,-1.259105017782567,0.4283099573435107,-0.6012823893996663,-0.6906772675373404,0.8643137404260156,2.372930239693614,2.51348002223206,402.0
0,0,0,0,0,308,0,-1.6410085788262172,2.4819655182869886,-1.5261012455050205,5.966453021979194,-1.5383776125745343,0.09364359417551009,1.15267950993839,406.0
0,1,1,0,1,1571,0,0.02139515748143702,0.6068887017733783,-0.6853568308637894,-0.15810684437601769,0.12122879414637082,1.7521746188210656,1.72499625306837,399.0
0,0,1,1,2,235,0,-1.685938409537235,0.33902058512857686,-1.5261012455050205,-0.6906772675373404,1.391227672146695,0.607487850105704,-2.484906649788,397.0
0,0,1,0,0,2021,0,0.7552490590947258,-0.5538731370207614,0.49168534963393423,-0.6906772675373404,0.68745548650048,0.11825863591471607,0.314681158603215,391.0
0,0,1,1,2,1199,0,-0.15832416536263372,-0.018136903731158432,-0.2649846235431738,-0.42439205595667906,0.19224540391310388,1.0376390339852628,-0.484929279462411,402.0
0,0,1,1,2,545,0,-1.6559851890632231,-0.8217412536655628,0.5757597910980573,-0.6906772675373404,0.1628340434710445,1.2069340839345906,0.523248143764548,405.0
0,0,1,0,0,1809,0,0.3658571929325726,-2.1610818368895703,2.7616952691652585,-0.42439205595667906,0.736873129659261,-0.014239935488202045,0.027587956518829,381.0
0,0,1,0,0,3099,0,2.2603983879138183,0.6961780739883121,-0.6853568308637894,0.6407487903659664,-0.6454263322869579,1.704940208810839,0.259935171324813,401.0
0,0,1,0,2,1925,0,0.7402724488577199,0.7854674462032459,-0.9375801552561588,-0.15810684437601769,-0.21857146016628146,0.8759895669368416,-1.2738163776932,396.0
1,0,1,0,0,835,0,-1.6035670532337025,-1.1788987425252981,1.080206439882796,-0.6906772675373404,1.6447321904547079,-0.9283352963035181,1.6519975268529,384.0
0,0,1,1,2,575,0,-1.0494324744644845,1.1426249350629811,-1.2738779211126512,-0.42439205595667906,-0.3893322799585061,0.3894265706448196,-3.47609868983527,392.0
0,0,0,0,2,1649,1,0.24604431103652544,1.0533355628480474,-1.3579523625767744,-0.42439205595667906,-1.0254396150761167,-0.7500284675730651,-0.738609554636703,400.0
0,1,0,0,2,1585,0,0.04386007283694586,0.1604418406987092,-0.2649846235431738,-0.15810684437601769,0.2000389505286645,0.413674709764684,0.595983432106298,405.0
1,0,0,0,0,1644,0,-0.5552043366432899,1.3212036794928488,-1.3579523625767744,0.37446357878530506,-1.3007449043336698,-1.0833823903124802,1.34400144892964,403.0
1,0,1,0,0,445,0,-1.109338915412508,1.8569399127824517,-1.3579523625767744,1.1733192135272892,1.2563418154121988,3.796123619151243,-0.799756915618204,409.0
0,0,0,0,0,1312,0,0.583018041369158,0.6961780739883121,-0.6853568308637894,-0.6906772675373404,-0.9966879192412419,-1.060067825094073,0.414943852062708,406.0
0,0,0,0,1,1929,0,0.7402724488577199,-0.8217412536655628,0.9120575569545498,-0.42439205595667906,0.14805466967365866,-0.5396198616991511,1.8330575408818,390.0
0,0,1,0,2,866,0,-0.30809026773269266,-0.5538731370207614,0.323536466705688,-0.42439205595667906,0.9876427036278236,-1.1721009068905455,0.599621122549122,402.0
0,0,1,0,0,966,0,-0.967061118160952,-0.3752943925908937,0.4076109081698111,-0.15810684437601769,0.5257365371518707,-0.4917602134199995,0.266628663253949,395.0
0,0,1,0,0,1605,0,-0.4878095905767634,-0.6431625092356952,0.6598342325621804,-0.42439205595667906,1.0331110069148477,0.0107253057174677,1.49759649269219,397.0
0,1,1,0,0,3439,0,2.4101644902838775,-1.4467668591700995,1.9209508545240273,-0.6906772675373404,1.3432424746197074,0.5032533467195823,0.51973040210895,387.0
0,0,1,0,2,1762,0,0.7028309232652052,0.4283099573435107,-0.5172079479355431,0.37446357878530506,-0.08295056420344718,0.7384236240385197,0.624370082080628,387.0
0,0,0,0,0,2272,0,1.3767783839304704,2.0355186572123194,-1.1898034796485282,4.102456540914564,-1.4697812541659243,-0.1374775393690201,-0.110387646234371,414.0
0,0,1,0,0,131,0,-1.670961799300229,-1.6253456035999672,1.6687275301316578,-0.6906772675373404,2.4478647518102052,-1.9576452159189022,-1.94591014905531,371.0
0,1,0,0,0,3376,1,1.7511936398556178,-0.9110306258804967,1.2483553228110422,-0.15810684437601769,0.8845942881738408,0.31606126557343645,1.44404236285499,392.0
0,0,1,0,0,2344,0,0.8600853307537671,0.1604418406987092,0.07131314231331863,0.37446357878530506,-0.21975204494137543,1.3416357602512152,-0.880024553889761,402.0
0,1,1,0,0,3212,1,0.10376651378496944,0.9640461906331136,-0.6012823893996663,0.9070340019466278,-0.7572598952895686,1.0794391264108827,2.68412754434379,418.0
0,0,0,0,2,743,0,-1.1617570512420285,0.5175993295584445,-0.6012823893996663,-0.15810684437601769,-0.96751750593638,-0.2983534443737826,2.17945240759042,398.0
0,0,1,0,0,2464,0,1.7586819449741207,0.24973121291364303,-0.2649846235431738,0.37446357878530506,-0.026967110095970068,0.5852672523305554,0.797659879295432,400.0
0,0,0,1,2,474,0,-1.4238477303896317,-0.018136903731158432,-0.5172079479355431,-0.6906772675373404,0.3784966702849109,1.4795412825770038,1.72580150143626,398.0
0,0,1,0,1,2252,0,0.7702256693317318,-0.10742627594609225,0.07131314231331863,-0.15810684437601769,-0.7852818208443619,-0.7129297888165105,1.56000048000823,396.0
0,0,0,1,2,1773,0,-0.06846450394059835,1.3212036794928488,-1.2738779211126512,0.6407487903659664,-2.1676858844991935,-1.9589138437411189,0.411296028418958,420.0
0,0,0,0,2,1912,0,0.12623142914047827,0.4283099573435107,-0.5172079479355431,-0.15810684437601769,-1.2181000888326572,-0.2314740302608451,1.21959812222902,401.0
0,1,1,0,2,1242,0,0.2235793956810166,0.07115246848377539,-0.2649846235431738,0.10817836720464369,0.21415000005553697,0.23126484017164803,-0.309133999169732,394.0
0,0,0,0,0,4375,0,3.990196870287999,2.660544262716856,-1.3579523625767744,5.700167810398533,-1.905036692980695,-0.7812232936254144,0.682046838047432,423.0
0,1,1,0,0,3118,0,0.9349683819387966,-0.5538731370207614,0.8279831154904267,-0.15810684437601769,0.7901411966070427,1.249069561770188,1.65796495332876,386.0
0,1,1,0,0,1549,0,-0.11339433465161602,-0.2860050203759599,0.23946202524156485,-0.42439205595667906,0.12262522640877399,1.1567509118365007,0.0779615414697119,396.0
0,0,1,1,2,1221,0,-0.9146429823314314,-0.6431625092356952,0.7439086740263036,-0.42439205595667906,0.19357023996905381,0.8942228553736814,0.354934299460948,390.0
0,1,1,0,2,2380,0,0.05134837795544881,0.6961780739883121,-1.021654596720282,-0.42439205595667906,0.6159914331391924,-0.02265783719725535,1.43038968098512,404.0
0,1,0,0,1,2453,0,-0.6375756929468224,-1.2681881147402319,1.5005786472034115,-0.6906772675373404,-0.30164083968345357,0.14512375908230532,1.77070606003022,401.0
0,0,1,0,2,1619,0,-0.6525523031838282,-1.4467668591700995,1.4165042057392885,-0.6906772675373404,0.056209535613578034,1.4453685994802339,2.09597084363105,399.0
0,1,1,0,0,505,1,-1.416359425271129,2.74983363493179,-1.5261012455050205,3.30360090617258,-0.8716110662021844,1.3026931172978384,0.723918839226699,426.0
0,0,1,0,2,1175,0,-0.0010697578740718192,-0.10742627594609225,0.23946202524156485,-0.42439205595667906,1.0956539292644758,0.1895370644723416,-1.49776822758301,386.0
0,1,1,0,1,1642,0,0.6504127874356845,-0.19671564816102607,0.5757597910980573,0.37446357878530506,1.3818949305228534,-0.10470843381764874,-0.730887508542792,399.0
0,0,1,0,2,531,0,-1.0569207795829874,0.6068887017733783,-1.3579523625767744,-0.6906772675373404,2.907118910631307,-2.4574845778722882,-4.56434819146784,393.0
0,0,0,0,0,1712,0,0.05134837795544881,-1.6253456035999672,2.0050252959881503,-0.6906772675373404,0.3781279506321728,-0.4495142438568618,1.8391174347281,389.0
1,0,1,0,0,1305,0,-0.11339433465161602,0.9640461906331136,-0.8535057137920357,0.37446357878530506,-0.34223000825805033,2.384445915716758,1.56051260399796,422.0
0,1,1,0,0,2676,1,1.2419888917974173,0.33902058512857686,-0.2649846235431738,0.37446357878530506,0.13199754361544228,0.3197432073309664,0.275825459295256,399.0
0,1,1,0,1,3651,0,1.0772461791903525,-0.10742627594609225,0.15538758377744175,0.6407487903659664,-0.19009154090038338,-1.067558770632697,1.51018295433876,389.0
0,1,1,0,2,970,0,-0.5252511161692781,0.4283099573435107,-0.5172079479355431,0.10817836720464369,1.5492107829338617,0.1751744945193055,0.306956205064648,393.0
0,0,0,0,0,2200,0,-0.12088263977011897,-1.0896093703103642,0.996131998418673,-0.6906772675373404,-1.2594280472390318,-1.3562475836049894,2.21516227802289,396.0
0,0,1,0,0,1390,0,0.23855600591802248,-0.8217412536655628,0.5757597910980573,-0.42439205595667906,-0.2531568531410501,-0.43187657363961146,1.46232560209605,384.0
0,1,0,1,2,1159,0,0.0962782086664665,-0.2860050203759599,0.07131314231331863,-0.6906772675373404,0.733695269284395,0.2543272495331375,-1.4961092271271,392.0
0,0,1,1,2,2231,0,0.21609109056251363,-0.5538731370207614,0.4076109081698111,-0.42439205595667906,-0.6383080370477173,0.5068249685218142,-0.34705434595175,389.0
0,0,1,0,0,2113,0,0.8226438051612524,-1.4467668591700995,1.1642808813469192,-0.42439205595667906,-0.10467524784417298,1.6020247881864256,0.650462260708995,383.0
0,0,1,1,2,841,0,-0.6600406083023311,-0.8217412536655628,0.6598342325621804,-0.6906772675373404,1.2155812249221694,-1.4063955034197755,-5.00394630594546,378.0
0,0,0,0,0,2203,0,0.1936261752070048,-0.018136903731158432,-0.2649846235431738,-0.42439205595667906,-1.629643521518193,-1.699557483634754,1.53445210554954,403.0
0,1,1,0,0,1688,0,1.0922227894273584,-1.4467668591700995,1.4165042057392885,-0.6906772675373404,1.7566405444877342,0.1996887127015893,0.189692064905588,383.0
0,0,1,0,0,2060,0,0.6204595669616728,-0.10742627594609225,-0.0968357406149276,-0.42439205595667906,-0.3437504649843974,0.1012804665351993,1.5012957538144,390.0
0,0,0,1,2,1863,0,-0.15832416536263372,-0.4645837648058275,0.323536466705688,-0.6906772675373404,0.13241230886458172,0.6881765059830351,2.39957735898136,391.0
0,1,1,0,1,1315,0,-0.15832416536263372,0.4283099573435107,-0.6012823893996663,0.9070340019466278,-0.057247923639091924,-0.7893894904711998,0.984295460988213,400.0
0,0,1,0,2,1675,0,0.17116125985149597,0.07115246848377539,-0.1809101820790507,-0.15810684437601769,-0.5364832392387686,-0.7374403496338925,2.13870777524121,392.0
0,1,0,0,1,1710,0,-0.22571891142916023,-0.6431625092356952,0.8279831154904267,-0.15810684437601769,0.2657738050182421,-0.7343541458750915,2.06054430149847,388.0
1,0,1,1,2,375,0,-1.363941289441608,2.1248080294272533,-1.5261012455050205,2.2384600598499347,-1.094926446188782,1.209336981417748,0.0702042586732486,414.0
0,0,1,0,0,1753,0,0.2086027854440107,-1.0003199980954305,0.9120575569545498,-0.6906772675373404,0.22767437679776287,-0.7205926934803599,0.616714301808298,399.0
0,0,1,0,0,1818,0,0.3808338031695785,-1.8039243480298348,2.1731741789163963,-0.6906772675373404,0.32161440593087043,-0.8547268438198881,-0.475574674295191,388.0
0,0,1,0,0,1681,0,-0.18078908071814254,1.0533355628480474,-0.7694312723279125,2.2384600598499347,0.051224841650778404,-0.13981776838646864,-0.669944283480282,412.0
0,0,1,0,0,1613,0,0.4032987185250873,-0.018136903731158432,0.15538758377744175,-0.15810684437601769,-0.05057002275772279,0.44502340956502295,-0.279695720819131,398.0
0,0,0,0,1,1237,0,-0.1882773858366455,-0.9110306258804967,0.7439086740263036,-0.6906772675373404,-0.2849461919414328,-0.23427021290258115,-0.552565229938756,387.0
0,0,1,0,0,2688,0,1.316871942982447,1.678361168352584,-1.2738779211126512,1.7058896366886118,-0.6684672635869883,1.293913966788266,-0.309714787451664,396.0
0,0,1,0,0,229,0,-1.416359425271129,-2.250371209104504,3.5183652423423664,-0.6906772675373404,1.6307049539175802,-0.8848458866608719,-3.17805383034795,371.0
0,1,0,0,1,2171,0,0.6054829567246669,1.678361168352584,-1.1898034796485282,1.1733192135272892,-1.2071988769088053,-1.2510551644058039,1.22266493733809,404.0
0,0,0,0,2,855,0,-0.4353914547472427,0.4283099573435107,-0.6853568308637894,-0.6906772675373404,-1.105925033688201,-0.15997733520935933,-5.18738580584075,401.0
0,0,1,0,0,2268,0,0.732784143739217,-1.5360562313850334,1.3324297642751655,-0.6906772675373404,-0.5375704456216553,-0.9850741822767985,1.27677929025492,387.0
0,0,1,0,0,1578,0,0.20111448032550774,-0.2860050203759599,0.15538758377744175,-0.6906772675373404,0.6619325288432704,0.011462131092009227,0.908686132488936,401.0
0,0,1,1,2,2372,0,0.6953426181467023,0.6068887017733783,-0.8535057137920357,-0.42439205595667906,0.32208771536436487,0.6342705311412319,0.746257005873894,413.0
0,0,0,0,0,2017,0,1.0248280433608319,1.0533355628480474,-1.105729038184405,0.37446357878530506,-1.9845646727642563,-1.6296643554601487,0.302280871872934,412.0
0,1,1,0,1,2127,0,1.3692900788119675,1.0533355628480474,-0.7694312723279125,0.9070340019466278,-0.5343041567327591,0.03607229551152664,0.389464766761723,408.0
0,1,1,0,1,2025,0,0.3209273622215549,0.8747568184181798,-0.43313350647142007,1.1733192135272892,0.5388637332709597,0.30718247079876954,0.262364264467491,420.0
0,1,0,0,2,1888,0,-0.5327394212877811,0.5175993295584445,-0.6012823893996663,-0.15810684437601769,-0.8351011014997721,-0.3765855392316049,0.923493644168213,410.0
0,0,1,1,2,2321,0,2.0132843190032212,-1.0896093703103642,0.8279831154904267,-0.6906772675373404,0.5684937065665718,-0.256985396295515,-2.89433215911226,398.0
0,1,1,1,2,1387,0,0.583018041369158,-0.5538731370207614,0.5757597910980573,-0.6906772675373404,0.5065391174569667,-1.2300492016551074,0.24636392312105,394.0
0,0,0,0,2,1753,0,0.5605531260136493,1.5890717961376504,-1.2738779211126512,0.9070340019466278,-1.3846934254929606,-0.5338301252661759,-0.801360765200178,412.0
0,0,1,1,2,1166,0,-0.7798534901983784,0.33902058512857686,-0.5172079479355431,-0.6906772675373404,0.42615736717725095,0.883851534259495,1.99003495396425,391.0
1,0,0,0,1,166,0,-1.4463126457451405,0.9640461906331136,-1.105729038184405,0.10817836720464369,-0.08828464046393672,1.4870308688682718,-2.39789527279837,389.0
0,1,1,0,0,1074,0,-0.6151107775913135,-0.9110306258804967,1.080206439882796,-0.42439205595667906,-0.4207651207567487,0.2250797445665521,0.683422630667951,387.0
0,1,1,0,1,1683,0,0.2610209212735313,-0.6431625092356952,0.996131998418673,-0.6906772675373404,-0.40568073840712343,1.1024230347565056,-1.75565446458594,388.0
0,0,1,0,0,1998,0,0.11125481890347239,-1.1788987425252981,1.080206439882796,-0.6906772675373404,-0.16477337916397355,-0.1470409205547236,-0.303682413798222,385.0
0,0,1,0,0,3112,0,1.1146877047828674,0.6068887017733783,-0.34905906500729694,0.6407487903659664,0.09236460026964077,0.0779313116248726,-0.372341060683132,404.0
0,0,1,1,2,340,1,-1.251616712664064,1.4104930517077827,-1.1898034796485282,2.504745271430596,0.10862486932294559,1.8756816555324425,0.775385278796917,412.0
0,0,1,1,2,1052,1,-0.9221312874499343,-0.8217412536655628,0.5757597910980573,-0.42439205595667906,0.8447750167625169,0.46790606048036876,2.05614597907631,388.0
1,0,0,0,0,1102,0,-0.4129265393917339,0.4283099573435107,-0.9375801552561588,-0.6906772675373404,-0.6360500328556862,-0.7343541458750915,-0.0392207131532813,402.0
0,1,1,0,0,3306,1,2.028260929240227,-0.5538731370207614,0.5757597910980573,-0.15810684437601769,0.9817378913590117,1.5136378544890774,1.12962252541067,396.0
0,1,1,0,1,1927,0,0.058836683073951755,0.5175993295584445,-0.1809101820790507,1.1733192135272892,-0.678343075388849,-0.5716090817217491,0.165168477567705,400.0
0,0,1,0,0,2009,0,-0.0010697578740718192,-1.3574774869551658,1.080206439882796,-0.6906772675373404,-0.5068294990447022,0.5247575884065834,-0.714469950028766,390.0
1,0,0,0,0,747,0,-0.5027862008137692,-0.10742627594609225,-0.012761299150804487,0.37446357878530506,-0.5889733512468114,-0.3537430062773164,-2.57084907958872,404.0
0,0,0,0,0,2344,0,1.6388690630780736,-1.5360562313850334,1.6687275301316578,-0.6906772675373404,1.0863808753725284,1.551146073015401,0.750671024698132,390.0
0,0,0,0,0,2208,1,1.2494771969159204,0.5175993295584445,-0.6853568308637894,-0.15810684437601769,-0.8643035504935096,-0.3371288787163162,-2.78253905309295,401.0
0,1,0,0,1,1399,0,-0.10590602953311308,-2.0717924646746364,2.1731741789163963,-0.42439205595667906,0.840563729216128,-0.5619179339525683,1.55032559941683,377.0
0,1,1,0,2,1027,0,-0.24069552166616612,-1.8039243480298348,1.9209508545240273,-0.6906772675373404,2.0320543938505966,-1.246092005426351,-0.966301152448816,386.0
0,0,1,0,0,1588,0,0.5680414311321521,-0.8217412536655628,0.8279831154904267,-0.42439205595667906,1.1203948432201292,0.6350354039866632,2.06577023908187,400.0
0,0,0,1,2,345,0,-1.5586372225226848,-0.8217412536655628,-0.012761299150804487,-0.6906772675373404,0.5987473470276995,0.294529532360915,2.27105883934727,414.0
0,0,0,0,0,1482,0,-0.20325399607365138,0.1604418406987092,-0.5172079479355431,-0.42439205595667906,-1.7099340019148186,-1.1982738775666426,-5.34710753071747,402.0
0,0,0,0,0,1957,0,0.5305999055396374,0.9640461906331136,-0.6012823893996663,1.4396044251079505,-1.4583676351011978,-1.0187543142629767,1.51198257628339,407.0
0,1,0,0,0,1271,0,-1.0644090847014902,0.9640461906331136,-0.8535057137920357,0.10817836720464369,0.5453282846461514,0.14415767153968864,1.38101730401905,396.0
0,0,0,0,0,2281,0,-0.21823060631065727,0.6961780739883121,-0.8535057137920357,-0.42439205595667906,-1.6163620013210178,-0.39063457263584206,0.804499325886038,396.0
0,0,1,0,1,2239,1,1.7811468603296297,-0.10742627594609225,0.07131314231331863,-0.42439205595667906,0.9852618531703216,0.20378609378752074,-1.02165124753198,386.0
0,1,1,0,0,1293,0,0.14869634449598712,-0.10742627594609225,0.23946202524156485,-0.15810684437601769,1.1810782402241902,0.40373818894749725,1.36763893545839,392.0
0,0,1,1,2,609,0,-1.3040348484935846,-1.4467668591700995,1.5005786472034115,-0.6906772675373404,1.2791134938120614,0.12296690649789958,-2.53369681395743,370.0
0,0,1,1,2,1301,1,0.3583688878140696,0.5175993295584445,-0.9375801552561588,-0.15810684437601769,1.0193881092480381,-0.7462743410234192,-1.55814461804655,385.0
0,0,0,1,2,1850,0,0.32841566734005784,-0.4645837648058275,0.23946202524156485,-0.42439205595667906,-0.3840582804244796,0.4625229379716114,-1.46396739943811,399.0
0,0,1,1,2,311,0,-1.6035670532337025,-1.0896093703103642,1.5005786472034115,-0.6906772675373404,0.858493102672854,0.06903464074739789,-1.34373474670109,377.0
0,0,1,1,2,1797,0,0.9199917717017907,-0.10742627594609225,-0.5172079479355431,-0.6906772675373404,0.17211408875242765,1.0587754633818707,-1.80856658754444,394.0
0,0,1,0,1,1351,0,-0.30809026773269266,-0.3752943925908937,0.07131314231331863,-0.15810684437601769,0.18074355187740915,0.32936959971015173,-0.329354768852349,384.0
0,1,1,0,0,1700,1,0.6429244823171816,-0.4645837648058275,0.49168534963393423,-0.15810684437601769,1.5323942267223472,0.1809321953563602,0.311392552224189,402.0
0,0,1,0,0,2912,1,1.7287287245001088,0.1604418406987092,-0.1809101820790507,0.10817836720464369,1.2914512335295207,1.4775488605828602,0.113023388403395,399.0
0,1,1,0,0,2973,1,1.129664315019873,-0.732451881450629,0.8279831154904267,-0.42439205595667906,1.7295899759600166,0.8572086412975737,0.26750566396791,392.0
0,0,1,1,2,805,1,-1.0269675591089755,0.6068887017733783,-0.43313350647142007,1.9721748482692734,-0.23534584458402966,0.3894265706448196,-4.60517018598809,399.0
0,1,1,0,0,1815,0,0.0962782086664665,-2.1610818368895703,2.425397503308766,-0.6906772675373404,0.396774543148812,0.48275506284138814,2.30936207727307,377.0
0,0,1,0,0,1920,0,1.7736585552111266,-0.018136903731158432,-0.2649846235431738,-0.15810684437601769,0.6052809848432947,1.1404476626885156,1.26116637929175,397.0
0,0,1,0,2,447,0,-1.2965465433750816,0.24973121291364303,0.15538758377744175,0.10817836720464369,0.3434693638295616,0.9849214081981725,1.11411647520407,401.0
0,1,1,0,0,1864,1,0.6803660079096964,-1.5360562313850334,2.0050252959881503,-0.6906772675373404,2.1203673068557776,-1.0874849532908242,-0.940983344464527,391.0
0,0,1,0,1,104,0,-1.6934267146557378,-1.2681881147402319,0.15538758377744175,-0.6906772675373404,2.5263008030967624,-0.883471202490232,0.646627164925052,364.0
0,0,0,0,0,1134,0,-0.3904616240362251,1.0533355628480474,-0.9375801552561588,0.6407487903659664,0.6474212202782496,0.5162070053891895,0.611526652205192,405.0
0,1,1,0,1,1697,0,0.036371767718442916,0.5175993295584445,-0.7694312723279125,-0.42439205595667906,-0.3340221033485488,2.577874180097126,1.00632782978032,396.0
1,0,1,0,2,1104,0,-1.5062190866931642,1.0533355628480474,-1.021654596720282,0.37446357878530506,-0.11656500048680557,2.139090714004304,-2.484906649788,407.0
0,0,1,0,2,1407,0,0.15618464961449008,-1.2681881147402319,1.5005786472034115,-0.42439205595667906,2.3183153766404834,-1.2707657515714479,0.560722594910614,392.0
1,0,0,0,1,677,0,-1.3040348484935846,0.6068887017733783,-1.3579523625767744,-0.6906772675373404,-1.861191775153128,-0.909976006743344,-1.09861228866811,396.0
1,0,1,0,0,763,0,-0.22571891142916023,0.24973121291364303,0.323536466705688,1.1733192135272892,1.2146403145178983,-0.8698558836468222,-1.0286537000612,409.0
0,0,1,0,2,765,0,-1.2965465433750816,-0.018136903731158432,-0.34905906500729694,-0.42439205595667906,0.688329832110042,0.19591104159529085,0.340926586970593,398.0
1,0,0,0,0,255,0,-1.536172307167176,1.1426249350629811,-0.6012823893996663,1.7058896366886118,0.06671848647086591,2.036169293806667,-2.77258872223978,396.0
0,0,1,0,1,1649,0,-0.3006019626141897,-0.4645837648058275,0.5757597910980573,-0.42439205595667906,0.8862690871965824,1.5331977264317214,0.114958972779764,396.0
0,0,1,0,0,1994,1,-0.3829733189177221,1.5890717961376504,-1.1898034796485282,1.1733192135272892,-0.8971598434871851,-0.02747315621927058,-0.85629882124618,402.0
0,0,1,0,0,3032,0,1.167105840612388,0.9640461906331136,-0.9375801552561588,0.6407487903659664,-0.5430871087221334,0.8143036467345284,-0.342597830047896,407.0
0,0,1,0,1,1362,0,0.3808338031695785,1.5890717961376504,-1.1898034796485282,2.504745271430596,-0.6796581913747611,0.23474857872832755,0.85618680780445,398.0
0,0,0,0,2,106,0,-1.6484968839447203,-2.8753968146090405,2.9298441520935046,-0.6906772675373404,1.5259303648390319,-1.2220325700252401,-2.14006616349627,367.0
0,1,0,0,1,1295,0,-0.15832416536263372,-0.10742627594609225,-0.012761299150804487,-0.15810684437601769,-0.10762177423614676,-0.5360943509966483,-2.81032905022263,385.0
0,0,0,0,0,1754,0,0.45571685435460796,0.6961780739883121,-0.6853568308637894,-0.42439205595667906,-1.0715152566624997,-0.7962453757586843,-0.934919551707648,411.0
0,0,0,1,2,443,0,-1.513707391811667,-0.19671564816102607,-0.2649846235431738,-0.6906772675373404,-0.9343048619280204,-1.644540423724625,1.08904283765196,401.0
0,1,1,0,0,1093,0,-0.2781370472586809,-1.0003199980954305,0.6598342325621804,-0.6906772675373404,0.8108347521553673,-1.0796108381050862,0.799756915618204,386.0
0,0,1,1,2,436,0,-1.3040348484935846,-1.3574774869551658,0.996131998418673,-0.6906772675373404,1.307426154007719,0.020503451628268346,-4.14313472639153,386.0
0,1,1,0,0,1623,0,-0.5552043366432899,-1.3574774869551658,1.5005786472034115,-0.42439205595667906,0.7711097849281373,1.6374717229368119,0.243787878894556,385.0
0,0,0,0,0,1704,0,0.2909741417475431,1.3212036794928488,-1.2738779211126512,-0.15810684437601769,-1.3710098280334906,-1.0933396525411725,-0.685926932586458,410.0
0,1,1,0,0,4132,1,2.178027031610286,-0.10742627594609225,-0.012761299150804487,-0.42439205595667906,0.21017076920349745,1.409133371178545,0.919316452790692,400.0
0,1,1,0,0,2782,0,2.889416017868066,-0.6431625092356952,0.6598342325621804,-0.42439205595667906,1.0628160345871334,-0.18619798760135958,-1.46473321921145,394.0
0,1,1,0,1,834,0,-0.30809026773269266,-0.4645837648058275,0.323536466705688,-0.15810684437601769,1.7777199201490275,-0.9657577530497732,1.89584366052628,374.0
0,0,1,0,2,263,0,-1.5661255276411878,-2.3396605813194378,3.0979930350217506,-0.6906772675373404,1.0276175046817628,0.405663706472864,-2.23359222150709,367.0
0,1,0,0,2,2841,0,1.152129230375382,-0.10742627594609225,-0.0968357406149276,-0.15810684437601769,-1.544398289536011,-1.4203310971559175,0.9598302581793,405.0
0,0,1,0,0,1947,1,1.4516614351155,-0.5538731370207614,0.5757597910980573,-0.15810684437601769,0.3769161185531273,-0.05289013322083269,0.679128259380614,389.0
0,0,1,0,2,1218,0,-0.9371078976869402,-0.018136903731158432,-0.012761299150804487,0.37446357878530506,-0.9142624559581093,-0.7103038853299749,-4.02535169073515,388.0
1,0,1,0,0,808,0,0.14120803937748416,0.24973121291364303,-0.6853568308637894,-0.42439205595667906,0.33851353515443394,-0.35048845557868397,-1.55619339791529,388.0
0,0,1,0,2,1239,1,-0.540227726406284,0.33902058512857686,-0.34905906500729694,-0.6906772675373404,-0.827419638692633,-0.26428305143194786,1.97828094819734,404.0
0,1,1,0,0,1811,0,0.006418547244431128,-2.250371209104504,2.593546386237012,-0.42439205595667906,0.09317897724466703,-0.28810998651192826,-0.574430873720563,375.0
0,0,1,0,2,1027,0,-0.7349236594873606,-0.018136903731158432,-0.34905906500729694,-0.42439205595667906,1.1111952945182653,-0.48100195967102516,0.128121099896275,378.0
0,0,0,1,2,585,0,-1.4088711201526258,-0.018136903731158432,-0.6853568308637894,-0.6906772675373404,0.1242054475628168,-0.10695793730175193,2.44500543303581,415.0
0,0,1,0,0,2745,0,0.11874312402197533,-0.10742627594609225,-0.012761299150804487,-0.15810684437601769,-1.0354422822015865,0.3334217611657967,-0.403490773804447,397.0
0,0,1,0,0,1803,1,1.2569655020344233,-0.4645837648058275,0.5757597910980573,-0.15810684437601769,-0.12688063497472196,0.3388990294620445,-0.0823086474627236,393.0
0,0,0,0,0,2212,0,0.4632051594731109,0.1604418406987092,-0.43313350647142007,-0.42439205595667906,-0.8067037416617872,1.0503166586934305,-1.30599441871825,399.0
0,0,1,0,0,2601,0,0.38832210828808145,-0.5538731370207614,0.5757597910980573,-0.42439205595667906,-0.778804414603445,-0.229538540653304,-1.01246633795491,395.0
0,0,0,0,0,1801,0,0.27599753151053724,0.4283099573435107,-0.43313350647142007,0.10817836720464369,-0.47145626588102324,1.0146088911548383,1.3154097117766,400.0
0,0,0,1,2,1872,0,0.058836683073951755,0.1604418406987092,-0.6012823893996663,-0.42439205595667906,-0.5562360124648573,0.5156517978493713,-0.765059762150232,400.0
0,0,1,0,2,734,0,-0.5926458622358046,1.1426249350629811,-1.2738779211126512,-0.42439205595667906,0.578787080204245,0.709413177937274,-5.06259503302697,390.0
0,0,1,0,1,1858,0,0.9724099075313113,-0.5538731370207614,0.4076109081698111,-0.6906772675373404,0.46994900995282457,0.168017172926457,0.234522704171685,387.0
1,0,1,0,1,1304,1,0.28348583662904014,-0.19671564816102607,-0.0968357406149276,-0.42439205595667906,0.4870356500616208,0.9068483054596624,1.46577747168873,398.0
0,1,1,1,2,1671,0,0.9873865177683172,1.3212036794928488,-1.2738779211126512,0.37446357878530506,1.0379760258405601,0.38346356105786134,-0.139355520910511,401.0
0,1,1,0,0,2099,0,1.5415210965375352,-0.8217412536655628,0.7439086740263036,-0.42439205595667906,1.122344063850974,-1.0225003019641894,-0.476798672378564,392.0
0,0,1,0,2,2003,1,0.717807533502211,0.5175993295584445,-0.43313350647142007,0.10817836720464369,-0.36776471507139,0.41927436601119955,0.773882648912382,388.0
0,1,1,0,1,1316,0,-0.68250552365784,-2.518239325749305,2.9298441520935046,-0.6906772675373404,0.05464970295951385,-0.765779016975342,2.23457021669507,373.0
0,0,0,1,2,1953,0,1.1371526201383761,1.3212036794928488,-0.8535057137920357,2.504745271430596,-1.5166153780777905,-0.6805338917266901,-4.86496705495034,407.0
0,1,0,1,2,1638,0,-0.038511283466586554,1.0533355628480474,-0.6012823893996663,2.504745271430596,-1.0422656267703403,-0.6985870917310716,-0.0996298409488413,411.0
0,1,0,0,2,1664,0,0.38832210828808145,-0.10742627594609225,0.15538758377744175,0.6407487903659664,-0.09385549013061192,-0.03743901322237897,1.70945546010258,385.0
0,0,1,1,2,448,0,-1.6260319685892113,-0.732451881450629,0.8279831154904267,-0.6906772675373404,0.5639358481901223,-0.5574255747325209,1.70474809223843,408.0
0,0,0,1,2,1919,0,-0.4353914547472427,1.4104930517077827,-0.8535057137920357,1.7058896366886118,-2.166308655229107,-2.06508853890263,-5.18738580584075,410.0
1,0,1,0,0,147,0,-1.6110553583522054,-1.0003199980954305,1.3324297642751655,-0.6906772675373404,1.374368677916367,-0.6757442672357301,-1.48160454092422,371.0
0,0,1,0,0,387,0,-1.4088711201526258,-1.8932137202447687,2.8457697106293813,-0.6906772675373404,2.1503428245579834,-1.1885125543084614,-2.79320800944252,369.0
1,0,0,0,0,87,0,-1.6110553583522054,-2.518239325749305,3.0979930350217506,-0.6906772675373404,1.7704297065605812,-1.3285370534603296,-3.09104245335832,385.0
0,1,0,1,2,1741,0,-0.36050840356221325,1.3212036794928488,-1.1898034796485282,0.37446357878530506,-0.12551892113863347,0.47609302146125054,1.68286538098892,406.0
0,0,1,0,1,1662,0,0.23106770079951955,-0.732451881450629,0.4076109081698111,-0.6906772675373404,0.3557893205308308,0.30035353832057876,0.802603773439775,386.0
0,1,1,0,0,1834,1,0.14120803937748416,-0.3752943925908937,0.15538758377744175,-0.42439205595667906,1.2388290469788794,0.7200656516885197,2.69124308278583,403.0
0,0,1,0,0,1508,0,0.3508805826955667,-0.10742627594609225,0.323536466705688,-0.15810684437601769,0.4783625509190431,-0.09103688247030188,1.18405749462499,407.0
0,0,1,0,0,1251,0,-0.0010697578740718192,0.6961780739883121,-0.5172079479355431,-0.15810684437601769,-0.48806373543538056,0.3427745494261138,-0.758529939822797,399.0
0,0,1,0,0,1772,0,0.4257636338805962,-1.3574774869551658,1.4165042057392885,-0.6906772675373404,0.9140575070118258,0.9975280772552734,0.100245414991056,391.0
0,0,1,0,1,1930,0,0.0813015984294606,1.5890717961376504,-1.1898034796485282,0.9070340019466278,-1.5724616210216813,-1.5414577264582328,-5.51342874616498,415.0
0,1,1,0,0,1704,0,0.20111448032550774,-1.8039243480298348,2.2572486203805195,-0.6906772675373404,1.3162000829345823,1.0201243162816702,-0.648695417989111,382.0
0,0,1,1,2,329,0,-1.378917899678614,0.5175993295584445,-1.2738779211126512,-0.6906772675373404,-0.31075739675751757,0.9259265439216106,-0.163629423781802,405.0
0,0,1,1,2,1964,0,1.144640925256879,-1.1788987425252981,1.4165042057392885,-0.42439205595667906,1.269638645768352,1.0765120514987594,0.507743957228583,386.0
0,0,0,0,1,1941,0,0.5680414311321521,1.4104930517077827,-1.105729038184405,0.6407487903659664,-1.7258318977991933,-1.1587005376806867,-5.74620319054015,399.0
0,1,1,0,0,1825,0,-0.9296195925684373,-0.19671564816102607,0.49168534963393423,-0.6906772675373404,-0.780881161215374,0.05403703807979194,1.36392206336536,402.0
0,1,1,0,0,2284,0,0.8226438051612524,-0.018136903731158432,-0.012761299150804487,0.9070340019466278,-0.550657574561621,0.6100497200701837,-0.292496718247321,392.0
0,0,1,1,2,672,0,-1.5885904429966966,-0.10742627594609225,-0.6012823893996663,-0.6906772675373404,0.45659751264824877,0.5631220425037524,2.96938829821439,389.0
0,0,1,0,2,1829,0,-0.20325399607365138,-0.732451881450629,0.49168534963393423,-0.6906772675373404,0.5067813307838572,0.12014519902455949,1.7253143698199,401.0
0,0,1,1,2,484,0,-1.5811021378781935,0.6068887017733783,-1.5261012455050205,-0.6906772675373404,0.47552217786774953,0.6541187228829821,-3.25809653802148,413.0
0,0,0,0,2,2418,0,1.4441731299969969,0.5175993295584445,-0.34905906500729694,0.6407487903659664,-0.27118422091829925,0.06093682273899959,-2.88573137833966,399.0
1,0,1,0,0,1612,0,-0.4803212854582604,0.8747568184181798,-1.1898034796485282,-0.15810684437601769,-0.2943861109278996,-0.32495032735466517,-3.36153212526972,409.0
0,1,0,0,0,2683,0,-0.3155785728511956,-0.6431625092356952,0.7439086740263036,-0.15810684437601769,-1.4817247027973472,-1.2616333425466155,1.21924027645672,398.0
1,0,0,0,2,106,0,-1.513707391811667,0.1604418406987092,-0.2649846235431738,-0.6906772675373404,-2.1537267898376706,-2.4574845778722882,-2.4567357728213,401.0
0,0,1,0,2,776,0,-0.7424119646058636,0.8747568184181798,-0.7694312723279125,0.6407487903659664,-0.188662034801669,-0.4323622144941381,0.395756293981203,406.0
0,0,0,0,1,1474,0,0.15618464961449008,-0.018136903731158432,0.15538758377744175,-0.42439205595667906,0.18602658391913734,1.4294955350114689,0.455853600520978,389.0
0,0,0,0,0,2039,0,0.9798982126498142,0.6961780739883121,-0.8535057137920357,-0.15810684437601769,-1.0326509716657648,-1.4138033206302376,-0.487547938896645,400.0
0,0,1,1,2,1625,0,0.32841566734005784,1.4997824239227164,-1.021654596720282,0.9070340019466278,-0.09755453430928747,0.7258000725003797,2.17644876015561,404.0
1,0,1,0,0,1679,0,-0.2856253523771838,1.678361168352584,-1.3579523625767744,1.9721748482692734,0.7765312452143346,4.0358127677181175,0.427006951882919,410.0
1,0,1,0,0,922,0,-0.29311365749568674,0.4283099573435107,-0.34905906500729694,0.37446357878530506,0.5671179680434982,2.5493119810436395,0.192371892647456,409.0
0,0,1,0,0,2251,0,1.7062638091446,0.8747568184181798,-0.7694312723279125,0.6407487903659664,0.6870949187104318,1.4404186472408882,1.76781926168205,405.0
1,0,0,0,0,1149,0,-0.4803212854582604,1.5890717961376504,-0.9375801552561588,2.504745271430596,-1.4013179070705235,-0.14947958671155234,1.64017453808223,415.0
0,0,0,0,2,1944,1,-0.4428797598657457,0.07115246848377539,-0.43313350647142007,-0.42439205595667906,-1.3146077242220244,-1.0933396525411725,0.355550716726451,406.0
0,0,0,0,0,1501,0,-0.06846450394059835,1.231914307277915,-1.2738779211126512,-0.42439205595667906,-1.3449766118186397,-1.3668956968614026,-2.02814824729229,398.0
1,0,0,0,0,692,0,-1.2216634921900522,0.6961780739883121,-1.021654596720282,-0.6906772675373404,-1.3247914343023761,-2.268239039098031,0.630408839926522,414.0
0,0,1,0,2,2484,1,0.7103192283837082,-0.10742627594609225,0.23946202524156485,0.10817836720464369,0.7389920171763839,0.5080478684996987,0.667211325584412,391.0
0,1,1,0,0,1797,1,0.5755297362506551,-1.3574774869551658,1.5846530886675347,-0.6906772675373404,1.5933631165320559,-0.2529899406093174,1.32302891462912,389.0
0,1,1,0,0,1926,1,1.3093836378639439,-1.6253456035999672,1.5846530886675347,-0.6906772675373404,1.6889263161279995,-1.1145880158640875,-0.587301345795287,398.0
1,0,1,0,0,143,0,-1.4612892559821464,-0.8217412536655628,0.7439086740263036,-0.6906772675373404,2.152659976968081,-0.39695797737214417,0.980829253011726,397.0
0,1,1,0,0,2954,1,2.028260929240227,-0.018136903731158432,0.323536466705688,0.10817836720464369,1.191856632568599,1.2331878132063274,-0.282446458397836,394.0
0,1,1,0,0,927,1,-0.7499002697243665,-0.3752943925908937,0.5757597910980573,-0.42439205595667906,2.251410788620215,-2.068990230205176,-0.477329669337808,398.0
0,1,1,0,0,1349,1,0.6878543130281993,-0.5538731370207614,0.7439086740263036,-0.15810684437601769,2.366956424096148,-1.7294012967467112,1.39762806762974,397.0
0,1,1,0,2,2501,1,1.4816146555895118,-0.19671564816102607,0.49168534963393423,-0.42439205595667906,0.2732511034379682,0.5533430861931881,0.0580520119079644,395.0
0,1,1,0,0,1511,0,-0.30809026773269266,0.5175993295584445,-0.8535057137920357,-0.42439205595667906,0.8828251852169207,2.4610207518457377,1.27153608300329,406.0
0,1,1,0,0,1637,1,0.6653893976726905,-0.19671564816102607,0.07131314231331863,0.37446357878530506,1.4195753066198245,-0.21752027775620075,-0.488580014818671,398.0
0,1,1,0,0,1638,1,0.3658571929325726,-1.1788987425252981,0.996131998418673,-0.6906772675373404,1.9619845395071729,-1.1982738775666426,1.95585058876056,396.0
0,1,0,0,0,2797,1,0.6803660079096964,0.5175993295584445,-0.2649846235431738,0.6407487903659664,-0.9787760965143135,-1.216732096627257,1.89498355800887,400.0
0,1,1,0,0,2803,1,2.3053282186248363,-0.3752943925908937,0.6598342325621804,0.10817836720464369,2.0166136597554787,-0.3550564375118111,0.423046646157965,395.0
0,1,1,0,0,2188,1,1.4666380453525059,-0.9110306258804967,1.080206439882796,-0.15810684437601769,1.4599046116316008,0.026406364778149508,-1.04029980661005,391.0
0,1,1,0,0,1880,1,0.4706934645916138,0.07115246848377539,0.23946202524156485,0.9070340019466278,1.331544512526249,0.6597316983098754,-0.319287411867112,400.0
0,1,1,0,0,2122,1,0.6878543130281993,-0.3752943925908937,0.5757597910980573,-0.15810684437601769,0.713966716812747,1.3688069374768144,2.25528318252761,400.0
0,0,1,1,2,1698,0,-0.05348789370359245,-0.10742627594609225,-0.2649846235431738,-0.42439205595667906,-0.829271075515779,0.029790268314477262,1.88310924781628,419.0
0,1,1,0,0,1135,0,-0.3829733189177221,-0.8217412536655628,1.1642808813469192,-0.6906772675373404,1.209636619674498,0.08090668406543376,1.65566462992933,387.0
0,0,1,0,0,1745,0,-0.4129265393917339,-0.2860050203759599,0.15538758377744175,-0.42439205595667906,-0.15217932424358113,-0.39367792866074564,-2.49595648597459,409.0
0,0,1,0,0,2629,0,1.8260766910406472,0.24973121291364303,-0.0968357406149276,0.6407487903659664,0.46799322284144035,0.730536122483121,-0.364726277129061,399.0
0,0,1,0,0,2255,0,0.058836683073951755,0.8747568184181798,-0.9375801552561588,0.37446357878530506,-0.5765584281299044,1.186687941061037,-1.07044141170141,410.0
0,0,1,0,1,1097,0,-0.4129265393917339,0.24973121291364303,-0.6853568308637894,-0.42439205595667906,-0.42828872318934486,0.1688363722638222,1.54943123152098,390.0
0,0,0,1,2,1049,1,-0.5177628110507752,-0.9110306258804967,1.1642808813469192,-0.6906772675373404,0.44659245648080403,1.5686285668609177,-5.12396397940326,389.0
0,0,1,0,2,1617,0,0.23855600591802248,0.8747568184181798,-0.5172079479355431,0.10817836720464369,-0.5487377781990078,-0.7364854141892495,2.35225997809175,394.0
0,0,1,0,0,1301,0,0.013906852362934074,-0.4645837648058275,0.323536466705688,-0.42439205595667906,0.3376443789911134,-0.9979229052658983,1.42728370565309,387.0
0,1,1,0,1,1337,0,-0.18078908071814254,0.8747568184181798,-1.021654596720282,0.37446357878530506,-0.56745641573267,1.142143916195169,-1.33594047497428,402.0
0,0,0,0,1,1883,0,0.4931583799471227,0.5175993295584445,-0.5172079479355431,-0.42439205595667906,-1.4722116362215807,-0.5797025032794839,-4.61512051684126,407.0
1,0,1,0,2,396,0,-1.3339880689675965,0.8747568184181798,-1.105729038184405,-0.6906772675373404,0.8999253182533106,1.5936124731110308,2.26634299022061,409.0
0,0,0,0,0,1916,0,-0.06846450394059835,-0.2860050203759599,0.07131314231331863,-0.6906772675373404,-0.4815858515869552,0.3106758969123528,1.7229232270781,401.0
0,1,0,0,0,472,0,-1.39389450991562,1.4104930517077827,-0.8535057137920357,0.37446357878530506,-0.9907517952234024,0.5251373775126901,1.94591014905531,414.0
0,1,1,1,2,587,0,-0.8472482362649049,0.6068887017733783,-0.34905906500729694,1.7058896366886118,-0.4578609022805497,-0.5611604567987104,0.755667537541279,399.0
1,0,0,0,2,108,0,-1.663473494181726,1.0533355628480474,-1.5261012455050205,1.9721748482692734,-1.960502783998483,-1.8511979443917932,-2.70805020110221,404.0
1,0,0,0,2,94,0,-1.6110553583522054,0.9640461906331136,-0.9375801552561588,0.10817836720464369,-1.6099826401958495,-2.4574845778722882,-3.09104245335832,398.0
0,0,0,0,0,2350,0,-0.5327394212877811,-0.19671564816102607,-0.012761299150804487,-0.6906772675373404,-1.8214315485654358,-1.0921786781366354,0.196279909044662,399.0
0,0,0,0,1,1896,1,0.5455765157766433,1.9462292849973857,-1.2738779211126512,3.0373156945919186,-1.9633208556301496,-1.21421325351988,1.19196552068547,419.0
1,0,0,0,2,395,0,-0.9895260335164608,2.660544262716856,-1.5261012455050205,5.433882598817871,-1.5265197527218073,-0.46825045890843414,-2.25606507735915,426.0
0,1,0,0,0,1627,0,-0.5177628110507752,0.6068887017733783,-0.8535057137920357,-0.42439205595667906,-0.39923567393819864,1.4664233819000514,1.42711635564015,400.0
0,1,0,1,2,1343,0,0.2610209212735313,0.4283099573435107,-0.6012823893996663,-0.15810684437601769,0.6536730766711916,0.10219167814737583,-2.47030785036685,392.0
0,1,1,0,0,2107,1,0.6878543130281993,-0.5538731370207614,0.5757597910980573,-0.42439205595667906,1.5121505797710306,0.09081842454976587,-0.425419722637709,394.0
0,1,1,0,0,2593,1,1.7062638091446,-1.5360562313850334,1.836876413059904,-0.42439205595667906,1.8225361309747112,-0.8034654320022444,-0.057537992512185,394.0
0,0,1,0,2,2269,0,1.144640925256879,0.8747568184181798,-1.021654596720282,-0.15810684437601769,0.375272468453352,1.6403610858812936,-0.703456550218806,401.0
0,1,1,0,0,2021,0,0.4781817697101168,0.24973121291364303,-0.43313350647142007,-0.6906772675373404,0.7852750615151658,0.4422514929948422,0.0797871166178319,385.0
0,0,0,0,1,1880,0,0.2235793956810166,-1.3574774869551658,1.6687275301316578,-0.42439205595667906,-0.11506159446461967,-0.002023712276281944,0.80131274714538,388.0
0,0,1,1,2,546,0,-1.4987307815746613,1.4997824239227164,-1.021654596720282,1.1733192135272892,-0.17458859720484424,0.3607488942403447,-3.61091791264422,406.0
0,1,1,0,0,2135,0,0.6429244823171816,0.6068887017733783,-0.7694312723279125,0.10817836720464369,-0.35111857440203686,1.636867029397878,2.48361582735499,409.0
0,1,1,0,0,2000,0,1.5415210965375352,-0.9110306258804967,1.3324297642751655,-0.15810684437601769,2.1438607355127517,-0.21483032062793556,1.07346810686708,385.0
0,0,0,0,0,1879,0,0.583018041369158,0.6068887017733783,-0.8535057137920357,-0.42439205595667906,-1.4560064712771823,-0.3840423709826324,1.78379129957888,411.0
1,0,1,0,1,681,0,-1.4987307815746613,0.07115246848377539,-0.012761299150804487,-0.42439205595667906,-1.7467017723660416,-2.4574845778722882,-0.114410351177744,405.0
0,0,0,0,0,2353,0,0.04386007283694586,-0.5538731370207614,0.4076109081698111,-0.6906772675373404,0.39407091741546335,0.005281101178531471,1.49350501606588,389.0
0,0,0,0,2,473,0,-0.4279031496287398,0.07115246848377539,-0.43313350647142007,-0.42439205595667906,0.44086363400644984,-0.7962848379341867,-1.20397280432594,394.0
0,0,0,0,0,2894,0,0.7477607539762229,0.33902058512857686,-0.1809101820790507,0.37446357878530506,-0.5761187654793064,-0.9754971399866555,2.02337347402375,397.0
0,1,0,0,0,2049,0,0.4257636338805962,-0.2860050203759599,0.07131314231331863,-0.42439205595667906,-0.9376541842423349,-0.3803092889347197,1.31218638896617,410.0
0,0,1,0,0,1640,0,0.18613787008850186,-0.10742627594609225,0.07131314231331863,-0.42439205595667906,-0.5454596642478527,-0.46117493104626545,1.9551368088124,403.0
1,0,0,0,1,488,0,-1.6110553583522054,0.6961780739883121,-1.1898034796485282,0.37446357878530506,-0.46780257923153074,-0.24354445315457873,-0.146603474191875,405.0
0,1,0,0,0,1746,0,-0.30809026773269266,1.5890717961376504,-1.1898034796485282,2.7710304830112573,-1.536668684233789,-0.8823894063559508,2.0977674889845,418.0
0,0,1,0,2,2336,0,2.133097200899268,-1.0003199980954305,0.9120575569545498,-0.42439205595667906,1.3407909250571386,0.7239630048348671,-1.87564095320876,388.0
0,0,0,0,0,2237,0,-0.060976198822095394,0.6068887017733783,-0.5172079479355431,0.10817836720464369,-1.3619856893920181,-0.11581425455021548,1.52377536732271,407.0
0,0,0,0,0,1829,0,-0.26316043702167496,1.0533355628480474,-1.2738779211126512,0.6407487903659664,-1.2722924048677786,-0.4347612112796233,-3.11104312006499,403.0
0,1,1,0,2,895,1,-1.1243155256495139,-1.714634975814901,1.1642808813469192,-0.6906772675373404,2.089579386098759,-0.5918830263580035,-0.659245628884264,377.0
0,0,1,0,2,1349,0,-0.1733007755996396,-0.10742627594609225,-0.5172079479355431,-0.6906772675373404,0.6083794535578062,-0.054809750157887284,-1.99868018503538,389.0
0,1,0,0,0,2896,0,1.5265444863005293,-0.018136903731158432,0.07131314231331863,0.10817836720464369,-1.0939768961740168,-0.7730293800186749,-1.19120507549593,401.0
0,1,1,0,0,2502,0,1.7287287245001088,-0.732451881450629,0.8279831154904267,-0.42439205595667906,0.4003113830595409,0.1857506731290094,1.09002854497672,392.0
0,1,1,0,1,1881,0,1.1745941457308908,-1.0896093703103642,1.4165042057392885,-0.42439205595667906,1.3494414524949625,-0.5777059247844375,0.551607008324617,392.0
0,1,1,0,0,2477,0,0.23106770079951955,0.5175993295584445,-0.6853568308637894,-0.15810684437601769,-1.633526836043584,-1.2679193624038956,1.99834884265976,406.0
0,0,0,0,0,1785,0,0.6953426181467023,-0.10742627594609225,-0.2649846235431738,-0.42439205595667906,0.10862486932294559,0.27539063388349133,-5.10594547390058,396.0
0,0,1,0,2,1868,0,0.1936261752070048,-0.2860050203759599,0.23946202524156485,-0.42439205595667906,-0.3663552650109168,0.5745977186880896,1.52622160641302,393.0
0,1,0,0,0,2857,0,2.020772624121724,-0.018136903731158432,-0.1809101820790507,-0.15810684437601769,-1.261216605845311,-0.7958729782390105,0.53074426707251,413.0
0,0,1,0,2,1468,0,0.2610209212735313,-0.9110306258804967,0.9120575569545498,-0.6906772675373404,0.5897061479432905,-0.7625252156080161,0.943848675937813,391.0
0,0,1,1,2,1340,0,0.07381329331095765,0.33902058512857686,-0.7694312723279125,-0.15810684437601769,-0.7669527082151866,0.059057403783319015,-2.87033100701272,405.0
0,0,1,0,0,1778,0,-0.2332072165476632,0.8747568184181798,-0.8535057137920357,0.10817836720464369,0.2657738050182421,0.13884074682990016,-5.32787616878958,403.0
0,0,1,1,2,1687,0,-1.2066868819530463,-1.5360562313850334,1.5846530886675347,-0.6906772675373404,0.036151916168860765,0.7640645522516956,0.243977638217052,407.0
0,1,1,0,0,2193,0,1.1071993996643643,-0.732451881450629,0.8279831154904267,-0.6906772675373404,0.10131561649990617,0.37904112185862,-0.200670695462151,394.0
0,0,1,0,0,2598,0,1.6912871989075942,1.4104930517077827,-1.3579523625767744,0.10817836720464369,0.23903791988455203,0.6173547919271759,-0.464403786914741,393.0
1,0,1,0,0,231,0,-1.6035670532337025,-1.9825030924597025,2.0050252959881503,-0.6906772675373404,-0.13900375662116388,-1.1819204918483874,0.502091943797236,375.0
1,0,1,0,2,219,0,-1.670961799300229,-1.714634975814901,0.996131998418673,-0.6906772675373404,-0.2831711073420449,-1.4110172378922552,-0.847297860387204,380.0
0,0,1,0,0,2077,0,0.3359039724585608,-0.018136903731158432,-0.5172079479355431,-0.15810684437601769,0.13329051835359637,0.2694917004015616,-0.333639373536909,390.0
0,0,0,0,0,2308,0,-0.36050840356221325,0.4283099573435107,-0.34905906500729694,0.37446357878530506,-1.6742121030538732,-1.6631124896378784,-0.775838896405059,399.0
0,0,1,0,0,2234,0,1.6463573681965766,-0.4645837648058275,0.15538758377744175,-0.42439205595667906,0.3925340476874122,1.0011174172375834,2.2822484062645,392.0
0,0,1,0,0,1464,0,0.2685092263920343,-0.9110306258804967,0.7439086740263036,-0.6906772675373404,1.3825617332790914,0.33789436747835694,0.139921190723294,384.0
0,1,1,0,1,1203,0,-1.0644090847014902,1.9462292849973857,-1.3579523625767744,2.7710304830112573,-0.9933771435827372,1.1348771207552804,1.36501696267261,424.0
0,0,0,1,2,1490,0,-0.16581247048113665,2.4819655182869886,-1.4420268040408974,4.901312175656549,-2.2013590163135808,-2.3036749487074384,-2.7315806985124,426.0
0,0,1,1,2,392,0,-1.663473494181726,-0.3752943925908937,-0.0968357406149276,-0.6906772675373404,0.4974883071403935,0.4656831192658151,-0.0689928714869514,398.0
0,0,1,0,1,1702,0,0.5006466850656256,0.33902058512857686,-0.34905906500729694,-0.42439205595667906,0.2814702322028503,1.582051511239812,-0.563736106908443,396.0
0,0,1,1,2,502,0,-1.3264997638490934,0.9640461906331136,-0.7694312723279125,1.7058896366886118,-0.47927493393556103,0.15123878531071983,-3.40119738166216,412.0
0,1,0,0,1,1802,0,0.7552490590947258,-1.0896093703103642,0.996131998418673,-0.6906772675373404,0.01670756731248618,-0.27727515225985083,0.709288396739331,392.0
0,0,1,0,0,163,0,-1.5062190866931642,-1.0896093703103642,1.6687275301316578,-0.6906772675373404,0.6427384299069644,-1.2523504107086056,1.74919985480926,380.0
1,0,1,0,2,356,0,-1.4837541713376554,-3.232554303468776,4.106886332591229,-0.6906772675373404,0.6409889604705015,-1.1699770078968545,0.667171694156685,375.0
0,0,1,0,1,2244,0,2.03574923435873,-0.10742627594609225,-0.0968357406149276,-0.42439205595667906,0.6110252546518499,1.1607821759471448,-0.890113764585712,394.0
0,0,1,0,0,1565,0,0.05134837795544881,-0.10742627594609225,-0.1809101820790507,-0.42439205595667906,-1.1869250146008496,-0.3864249340469031,0.945371941174997,402.0
0,0,1,0,0,1111,0,0.0663249881924547,-0.6431625092356952,0.5757597910980573,-0.6906772675373404,0.9943734159691684,0.37148923667576544,-0.600056757493933,389.0
1,0,0,0,0,746,0,-1.1617570512420285,-0.19671564816102607,-0.7694312723279125,-0.6906772675373404,-1.2311435368728953,-2.1063909777870693,-1.11088238125992,407.0
0,0,1,0,0,1530,0,-0.09841772441461014,0.24973121291364303,-0.5172079479355431,-0.15810684437601769,-0.7225183905766338,0.0033258756661943595,0.466089729924599,404.0
0,1,0,1,2,1988,0,0.028883462599939968,-0.10742627594609225,-0.0968357406149276,-0.15810684437601769,-0.054057479601059576,1.1161908603190895,2.39789527279837,399.0
0,0,1,0,0,2253,0,0.2685092263920343,-0.4645837648058275,0.15538758377744175,-0.15810684437601769,-0.7029974190705288,0.4633476990017892,0.268263986594679,386.0
0,1,0,0,0,2606,0,0.2685092263920343,1.1426249350629811,-0.9375801552561588,1.7058896366886118,-0.7593727440301364,-0.23381318769324982,2.99756210023107,416.0
1,0,1,0,0,210,0,-1.4987307815746613,-0.018136903731158432,-0.012761299150804487,0.10817836720464369,-0.7519526356751155,-0.8984618060653006,-0.566395474920801,396.0
0,1,1,0,0,1808,0,-0.09841772441461014,-1.8039243480298348,2.341323061844643,-0.6906772675373404,0.07072833394509581,-0.7191052039990082,1.78203976654007,374.0
0,1,1,0,0,2219,0,0.6429244823171816,0.6961780739883121,-0.6853568308637894,-0.42439205595667906,0.4307129087741465,0.7294137064524053,1.19589069629748,401.0
0,1,1,0,0,1577,0,-0.5926458622358046,-0.8217412536655628,0.4076109081698111,-0.6906772675373404,-0.5016351701177684,0.6566065642913209,-0.508718141426426,393.0
0,0,0,0,0,1377,1,-1.116827220531011,1.231914307277915,-1.5261012455050205,-0.42439205595667906,-1.067081982915955,-0.8169442755133021,0.232193386834128,395.0
0,0,1,0,2,291,0,-1.4912424764561583,-1.8932137202447687,2.0890997374522735,-0.6906772675373404,1.376616969022466,0.35518537126403066,1.01637419043114,371.0
0,1,1,0,0,2164,0,0.590506346487661,-0.4645837648058275,0.4076109081698111,-0.42439205595667906,0.21639243890326937,-0.39992032820465623,-0.326396584632471,397.0
0,0,1,0,1,1333,0,0.2909741417475431,0.6068887017733783,-0.6853568308637894,0.10817836720464369,0.04732145854908577,1.0301417578579577,0.0631789016215317,387.0
0,0,0,0,1,389,0,-1.3190114587305906,0.5175993295584445,-0.43313350647142007,0.10817836720464369,-1.1558382893564454,-0.5217313676337906,-4.11087386417331,391.0
0,1,1,0,0,1398,0,-0.3829733189177221,-1.0896093703103642,1.1642808813469192,-0.6906772675373404,-0.013227381244797347,-0.7479123967706323,-0.0272496424473755,394.0
0,0,1,0,0,2998,0,0.44074024411760204,-0.6431625092356952,0.15538758377744175,-0.6906772675373404,-0.8124628885282187,-1.1361113746829776,1.38460374364198,400.0
0,1,1,1,2,1069,0,0.013906852362934074,0.7854674462032459,-0.5172079479355431,1.1733192135272892,-0.8013395010735892,-0.8955450188402158,-0.452583031085234,406.0
0,1,1,0,0,2376,0,0.7028309232652052,-0.2860050203759599,0.15538758377744175,-0.15810684437601769,0.5378742770091758,-0.3354813606905549,0.158886964246211,406.0
0,0,1,0,2,1965,0,0.8226438051612524,0.7854674462032459,-0.8535057137920357,-0.15810684437601769,-0.2875663914579754,0.42492240939223525,1.03516187209592,404.0
1,0,0,0,2,967,0,-0.24069552166616612,0.7854674462032459,-0.8535057137920357,0.37446357878530506,-1.0023059728829091,-0.053655257537004473,-0.595622160426068,401.0
0,0,0,0,0,1272,1,-1.2890582382565787,0.9640461906331136,-0.9375801552561588,0.6407487903659664,-1.6832683408379072,-0.9903853185539191,1.97621549855064,410.0
0,0,0,0,2,1646,0,-0.824783320909396,1.4104930517077827,-1.1898034796485282,0.6407487903659664,-0.8865880745943034,-1.0054907083825466,1.1397491942286,422.0
0,0,1,1,2,1906,0,-0.2332072165476632,-1.9825030924597025,2.0890997374522735,-0.42439205595667906,0.09477333669083124,0.22213693337623844,-1.99567165861438,381.0
0,0,1,0,2,1612,0,0.7028309232652052,1.0533355628480474,-1.021654596720282,-0.15810684437601769,0.26245924930258424,0.36558457281294776,-0.12879510820557,393.0
0,0,1,0,0,2139,0,0.7852022795687377,-0.3752943925908937,-0.0968357406149276,-0.42439205595667906,-1.2017577473490242,-0.8809692644461461,1.40296745486084,390.0
0,1,1,0,2,3361,0,0.5680414311321521,0.07115246848377539,-0.34905906500729694,-0.42439205595667906,-0.44244842913132265,0.5037773606031114,-0.553246339649943,397.0
0,0,1,0,0,2079,0,-0.29311365749568674,-0.6431625092356952,0.7439086740263036,-0.6906772675373404,-1.0462194979463066,-0.07958115824748904,-0.596919148465392,397.0
0,0,0,1,2,359,0,-1.1318038307680167,-0.4645837648058275,-0.34905906500729694,-0.6906772675373404,-0.27746248801202533,0.3696012840952581,1.43729691557226,411.0
1,0,0,0,0,850,0,-0.24818382678466908,1.3212036794928488,-1.1898034796485282,1.1733192135272892,-0.7022636388647935,1.817906105753711,-3.93182563272433,416.0
0,1,1,0,0,2116,0,1.2644538071529263,-0.2860050203759599,0.323536466705688,-0.15810684437601769,0.4703050757672277,0.8535968665986909,-0.0874593053285861,393.0
0,1,1,0,0,3361,1,2.1106322855437596,-0.9110306258804967,0.7439086740263036,-0.42439205595667906,1.4207086043665202,-0.33394805620243007,-0.147110650750904,387.0
0,0,0,1,2,1853,0,0.23106770079951955,0.6068887017733783,-0.7694312723279125,0.10817836720464369,-0.8140844778788083,-0.814326740128603,1.53107290111829,404.0
0,0,1,0,0,1820,0,0.7028309232652052,-0.10742627594609225,-0.012761299150804487,-0.42439205595667906,0.37733228024809196,0.924395588662861,1.45064404267612,388.0
0,0,1,0,0,1617,0,-0.031022978348083607,-0.3752943925908937,0.23946202524156485,-0.15810684437601769,-0.35708799391259666,-0.027838699731525977,-0.918438960412445,387.0
0,1,1,0,0,2230,1,1.6912871989075942,-0.6431625092356952,0.9120575569545498,-0.42439205595667906,1.1546871121305688,0.14111974625621934,0.471622189081146,390.0
0,1,1,0,0,2349,0,1.5564977067745411,-0.018136903731158432,-0.012761299150804487,-0.15810684437601769,0.07811830709346343,0.9990461141544402,1.20509576907056,394.0
0,0,0,0,2,1060,0,-0.49529789569526633,0.1604418406987092,-0.0968357406149276,-0.42439205595667906,0.3716269560431885,0.44582764056827395,-5.14166355650266,394.0
1,0,1,0,0,1164,0,-0.3679967086807162,0.24973121291364303,-0.6012823893996663,-0.42439205595667906,0.8625077360948908,-1.0511496033041288,1.19649812990923,404.0
0,0,0,1,2,547,0,-0.959572813042449,0.24973121291364303,-0.34905906500729694,-0.6906772675373404,-1.3117486920619799,-0.7816063515057284,0.47343809169437,408.0
0,0,0,0,0,1328,0,0.25353261615502837,-0.3752943925908937,0.5757597910980573,-0.42439205595667906,0.7727211246859051,0.05714401942482529,-5.6021188208797,389.0
0,1,1,0,0,3107,1,2.2379334725583098,-0.4645837648058275,0.6598342325621804,-0.15810684437601769,1.0284544620344627,1.673148012251675,0.681890026035311,399.0
0,1,0,0,2,2401,0,1.0622695689533466,1.0533355628480474,-0.7694312723279125,1.1733192135272892,-1.586829537278889,-1.0939078095279844,-0.166095081952411,416.0
0,0,1,0,0,1277,0,-0.19576569095514845,-0.9110306258804967,0.9120575569545498,-0.6906772675373404,0.7197459458012906,0.4139496893869426,1.5067069013153,384.0
0,1,0,0,0,2825,0,-0.0010697578740718192,0.5175993295584445,-0.7694312723279125,-0.15810684437601769,-1.2255556877446805,-1.1015486662511313,0.667504749946608,412.0
0,0,0,0,2,1710,0,0.3508805826955667,0.8747568184181798,-0.8535057137920357,-0.15810684437601769,-0.6247368305884498,-1.0598343385856712,0.44007063728564,400.0
0,0,0,0,0,2108,0,1.1071993996643643,-0.732451881450629,0.4076109081698111,-0.6906772675373404,0.16945671539854118,0.8816937023499957,-1.5712166996139,403.0
0,0,1,0,1,2579,0,1.6463573681965766,-0.2860050203759599,-0.0968357406149276,-0.6906772675373404,-0.15997245853470407,-0.40095279435644016,-0.161104047275758,401.0
0,1,1,0,1,2272,0,-0.255672131903172,-1.0003199980954305,0.996131998418673,-0.6906772675373404,-0.6490377370178538,-1.1749962149729658,1.5794356621303,391.0
0,0,0,0,0,2247,0,-0.4279031496287398,0.33902058512857686,-0.5172079479355431,-0.42439205595667906,-1.6805091195320296,-1.029594562572431,1.77777322725332,404.0
0,1,1,0,1,1679,0,-0.46534467522125456,0.07115246848377539,-0.2649846235431738,-0.15810684437601769,1.1584059668562778,0.7794143992088082,0.710144756928516,408.0
0,1,1,0,0,2228,0,-0.13585925000712487,-0.6431625092356952,0.5757597910980573,-0.42439205595667906,-0.4872432674606672,-0.07696596490668123,1.27022218986714,397.0
0,1,0,0,0,1488,0,-1.0569207795829874,0.8747568184181798,-1.2738779211126512,0.10817836720464369,-1.540382847038874,-0.477274202391639,0.63414883979799,418.0
0,1,0,0,0,525,0,-1.0644090847014902,1.3212036794928488,-1.2738779211126512,-0.15810684437601769,-0.8384593831340553,0.41111732225256925,1.16970821035184,421.0
0,0,0,0,0,1600,0,0.732784143739217,0.9640461906331136,-1.021654596720282,-0.15810684437601769,-1.2169264032668967,-0.6568132764352169,0.675074399500251,406.0
0,0,1,0,2,1232,0,-0.11339433465161602,-0.5538731370207614,0.5757597910980573,-0.6906772675373404,0.15301434141869416,-0.09237616836964264,0.663430708231468,386.0
0,1,1,0,0,2034,0,-0.6001341673543076,-0.5538731370207614,0.4076109081698111,-0.6906772675373404,0.4102519317390911,1.9850404886927566,0.290861725369161,392.0
0,1,1,0,0,1521,0,-1.1542687461235257,-0.9110306258804967,0.5757597910980573,-0.6906772675373404,-0.7020198048817317,-0.34803759274488316,0.785166079280198,406.0
0,0,1,0,1,1237,0,-0.6450639980653252,-0.10742627594609225,0.07131314231331863,-0.42439205595667906,-0.5743441511280835,0.32153337833984563,1.73030669001439,401.0
0,0,1,1,2,638,0,-1.0045026437534668,0.1604418406987092,-0.5172079479355431,-0.6906772675373404,-0.02734098099649919,0.364884233157603,-4.63472898822964,390.0
0,0,1,0,1,1255,0,-0.10590602953311308,-1.2681881147402319,1.1642808813469192,-0.6906772675373404,0.9490899341730143,0.542547289788172,1.30578442921695,387.0
0,0,1,0,0,1578,0,-0.3305551830882015,-0.732451881450629,0.5757597910980573,-0.6906772675373404,0.1100190930870334,-0.8806782763488696,0.595242965578574,387.0
0,0,0,0,0,68,0,-1.7009150197742409,-1.8039243480298348,1.5005786472034115,-0.6906772675373404,0.8157950799517846,0.43129291106419143,-0.22314355131421,381.0
0,0,0,0,0,3016,0,0.9873865177683172,0.6068887017733783,-0.7694312723279125,0.10817836720464369,-1.0398754093891784,-0.46011588083574895,-0.105661675124039,401.0
0,0,0,0,2,1282,0,-0.68250552365784,-0.3752943925908937,-0.0968357406149276,-0.42439205595667906,-0.7303199948725488,-1.4359719972811258,-2.27555642060613,405.0
0,1,1,1,2,598,0,-1.378917899678614,0.8747568184181798,-1.1898034796485282,0.37446357878530506,-0.17203577168471432,1.1559026490917466,-3.97029191355212,407.0
0,0,1,0,0,112,0,-1.663473494181726,0.4283099573435107,-0.6012823893996663,-0.6906772675373404,1.5538338315207785,0.17336634955200586,0.8754687373539,380.0
0,0,1,0,1,818,0,-0.689993828776343,-0.6431625092356952,0.5757597910980573,-0.6906772675373404,0.1482002736667482,-0.05605585846299224,1.54829591542289,404.0
0,0,0,0,2,619,0,-0.952084507923946,0.5175993295584445,-0.8535057137920357,-0.42439205595667906,0.011136676581432059,-0.2889569421278356,2.51989347093153,402.0
0,0,1,1,2,2627,0,0.163672954732993,-1.2681881147402319,1.3324297642751655,-0.6906772675373404,-0.30473605403240644,0.7454259281963518,1.71278868790863,398.0
0,1,1,0,0,2989,0,0.3508805826955667,-0.19671564816102607,0.07131314231331863,-0.42439205595667906,0.08433486989463235,0.40133235497284325,1.26277306209047,389.0
0,1,1,0,2,1810,0,0.6204595669616728,0.5175993295584445,-0.5172079479355431,0.6407487903659664,0.10046354338075715,-0.05176601342095284,0.401289736697684,403.0
0,0,0,0,2,1866,1,0.5231116004211345,1.4997824239227164,-1.2738779211126512,0.6407487903659664,-0.842353577553427,0.41994008777791,0.0383433551976474,419.0
0,0,1,1,2,393,0,-1.109338915412508,0.4283099573435107,-0.8535057137920357,-0.6906772675373404,0.5036964939207927,2.7075221623126997,-3.79548918917219,384.0
0,0,1,0,2,2802,0,0.5605531260136493,-1.1788987425252981,0.8279831154904267,-0.6906772675373404,-0.27959245147750506,-0.3075688069007684,-0.0835209720498613,383.0
0,0,0,0,0,2022,0,-0.6300873878283194,1.1426249350629811,-1.105729038184405,0.10817836720464369,-1.967108945983696,-1.8260109625854806,1.25182882550357,397.0
1,0,0,0,2,2488,0,-0.8846897618574195,2.1248080294272533,-1.5261012455050205,1.9721748482692734,-1.2761553823586127,0.016398823692819378,2.22485064361115,418.0
0,0,0,1,2,1230,0,-0.2706487421401779,-0.19671564816102607,0.23946202524156485,-0.42439205595667906,-0.8158708206698845,-0.1683828495117828,1.61835327609205,400.0
0,0,0,0,2,745,0,-0.7948301004353842,0.6068887017733783,-0.6853568308637894,0.10817836720464369,0.07571851500285293,0.7505448304231667,-1.50790149321468,407.0
0,1,1,0,2,1646,1,-0.824783320909396,1.0533355628480474,-1.105729038184405,0.10817836720464369,-0.23737011424920623,0.0884772754795844,-0.892943367877164,401.0
0,0,1,1,2,1324,0,0.448228549236105,-0.10742627594609225,-0.012761299150804487,0.10817836720464369,0.16488513784225825,0.8312998644667713,-1.70474809223843,391.0
0,1,0,0,0,2155,0,0.9274800768202937,-0.5538731370207614,0.5757597910980573,-0.42439205595667906,0.4157762925937532,0.1859814120036896,2.08943301153484,383.0
0,1,0,0,0,2403,0,0.5455765157766433,0.6961780739883121,-0.8535057137920357,-0.15810684437601769,-1.0027313575625734,-0.9724229363133223,-0.577516998264663,405.0
0,0,0,0,0,1461,0,0.28348583662904014,0.4283099573435107,-0.34905906500729694,0.10817836720464369,-0.5040516109785074,0.7021775900404382,1.52526547704023,407.0
0,1,0,0,0,2120,0,-0.30809026773269266,-0.018136903731158432,0.07131314231331863,-0.42439205595667906,-1.3169828341166694,-1.036714768848185,0.493326463899499,407.0
0,0,0,0,0,2704,0,1.6613339784335823,1.678361168352584,-1.2738779211126512,1.1733192135272892,-1.447405309784272,-0.3265126235088902,1.34742217110336,412.0
0,0,1,0,0,1261,0,-0.824783320909396,2.0355186572123194,-1.5261012455050205,1.7058896366886118,-0.8125844349273709,0.2426785732985774,-4.84418708645859,420.0
0,0,1,1,2,477,0,-1.4687775611006495,-1.0003199980954305,0.9120575569545498,-0.6906772675373404,1.3691108818391113,-1.1533963473670712,-3.71357206670431,375.0
0,0,1,0,2,1031,0,-0.13585925000712487,0.6068887017733783,-0.1809101820790507,0.10817836720464369,-0.9754131817584936,0.08292110266674263,-5.3890717298165,404.0
0,0,1,0,0,3473,0,0.7702256693317318,-0.018136903731158432,-0.012761299150804487,-0.42439205595667906,-0.6411470467355346,-1.147151300905804,1.44968332471048,387.0
0,1,0,1,2,2328,0,2.0881673701882506,0.5175993295584445,-0.34905906500729694,0.6407487903659664,0.3323325896383271,0.8192759128715243,1.65341770655064,399.0
0,0,0,0,0,3121,0,2.642301948957469,0.24973121291364303,-0.012761299150804487,0.6407487903659664,-1.0601483108626562,0.16503049806064665,0.104512698735487,403.0
0,1,1,0,0,2086,1,0.5755297362506551,-0.018136903731158432,0.15538758377744175,0.10817836720464369,1.789802074009557,0.289115942928613,-0.200316901013034,403.0
0,0,1,1,2,386,0,-1.4687775611006495,1.1426249350629811,-1.2738779211126512,0.10817836720464369,0.12735246269596054,-0.33705205145086803,1.52286989612564,398.0
0,0,1,0,0,2405,0,0.4706934645916138,-1.0003199980954305,0.8279831154904267,-0.6906772675373404,-0.39294487304591497,-0.6197176098586462,-0.0618754037180875,387.0
0,1,1,0,0,988,0,-0.3679967086807162,-1.0003199980954305,0.9120575569545498,-0.42439205595667906,1.2554303615932867,-0.9663140117208687,0.747494317857241,387.0
0,1,0,0,0,2146,0,0.6429244823171816,-0.3752943925908937,0.323536466705688,-0.6906772675373404,-0.7550352180910119,-1.252256815324389,-0.760372486407732,403.0
0,0,0,0,2,592,0,-1.0419441693459814,1.1426249350629811,-1.021654596720282,0.9070340019466278,0.38310459822317505,1.1372216442840175,-2.28238238567653,401.0
0,0,0,0,2,1716,1,1.316871942982447,-0.4645837648058275,0.4076109081698111,-0.42439205595667906,0.24709176371181074,-0.24432637733509519,0.666151676217934,385.0
0,1,0,0,0,3207,0,0.4182753287620932,0.33902058512857686,-0.1809101820790507,0.9070340019466278,-0.887974773387056,-0.9465887952791747,1.02055850053074,403.0
0,0,0,0,0,2139,0,0.8451087205167612,-0.018136903731158432,0.15538758377744175,0.10817836720464369,-0.629732682681613,0.7567699446470276,0.984750127754963,398.0
0,0,0,0,0,2002,0,0.4032987185250873,0.33902058512857686,-0.43313350647142007,-0.42439205595667906,-1.0446379494759168,-0.34789782021737864,-1.15153469012245,403.0
0,1,1,0,0,146,0,-1.6260319685892113,0.4283099573435107,-1.1898034796485282,-0.6906772675373404,1.510048939701562,-0.21505456362936015,-0.693147180559945,405.0
0,0,0,0,2,1094,0,-0.05348789370359245,0.8747568184181798,-0.8535057137920357,1.1733192135272892,-0.6572966344497521,-0.5421951763105054,-5.4380793089232,408.0
0,0,0,0,2,1510,0,0.6354361771986787,-0.018136903731158432,-0.34905906500729694,-0.15810684437601769,0.42854263642714496,0.014237617959454734,1.57596462628959,389.0
